Date,OpeningTrend,Result,OpenLocation,FirstCandleType,RangeStatus,PrevDayContext,DayHigh,DayLow,Open,High,Low,Close
2022-05-17,TR,TR,,,,,918.1,862.0,872.0,918.1,862.0,873.0
2022-05-18,TR,BEAR,OIM,DOJI,SWR,TR,890.45,874.4,885.55,890.45,874.4,874.9
2022-05-19,BEAR,BEAR,OBR,NORMAL,SBR,BEAR,867.0,838.0,867.0,867.0,838.0,840.4
2022-05-20,TR,BEAR,OIM,NORMAL,SWR,BEAR,856.75,825.0,848.55,856.75,825.0,825.5
2022-05-23,BEAR,BULL,OOL,NORMAL,WBR,BEAR,852.7,804.6,826.15,852.7,804.6,814.85
2022-05-24,TR,TR,OOL,NORMAL,SWR,TR,834.55,817.9,818.0,834.55,817.9,824.8
2022-05-25,BULL,BEAR,OOH,DOJI,WAR,TR,841.0,814.25,831.5,841.0,814.25,814.95
2022-05-26,BEAR,TR,OOL,DOJI,SWR,BEAR,824.8,801.0,820.3,824.8,801.0,812.85
2022-05-27,TR,TR,OOH,NORMAL,SWR,TR,824.55,814.4,818.55,824.55,814.4,823.25
2022-05-30,BEAR,BULL,OAR,DOJI,SAR,BULL,841.0,825.5,829.9,841.0,825.5,836.85
2022-05-31,BULL,TR,OBR,NORMAL,SBR,TR,822.0,810.0,810.0,822.0,810.0,810.9
2022-06-01,BEAR,TR,OOL,NORMAL,SWR,TR,817.45,808.7,811.4,817.45,808.7,809.95
2022-06-02,BEAR,TR,OOL,NORMAL,SWR,TR,813.8,804.35,809.95,813.8,804.35,804.95
2022-06-03,BEAR,BEAR,OIM,NORMAL,SWR,BEAR,810.75,800.0,808.65,810.75,800.0,800.45
2022-06-06,BEAR,BEAR,OOL,HUGE OPEN,WBR,BEAR,801.7,775.1,800.25,801.7,775.1,777.0
2022-06-07,BEAR,BEAR,OBR,NORMAL,SBR,BEAR,772.9,751.9,772.9,772.9,751.9,752.9
2022-06-08,BEAR,TR,OOL,NORMAL,WBR,BEAR,752.9,736.1,752.9,752.9,736.1,736.8
2022-06-09,BULL,BEAR,OBR,NORMAL,SBR,BEAR,736.0,720.1,729.9,736.0,720.1,721.6
2022-06-10,TR,BEAR,OBR,NORMAL,SBR,BEAR,719.75,708.55,713.0,719.75,708.55,709.4
2022-06-13,TR,BEAR,OBR,HUGE OPEN,SBR,TR,690.9,667.0,690.9,690.9,667.0,669.5
2022-06-14,TR,TR,OBR,HUGE OPEN,SWR,BEAR,683.9,663.05,664.1,683.9,663.05,675.8
2022-06-15,BULL,TR,OOH,NORMAL,WAR,TR,709.65,679.1,681.0,709.65,679.1,688.55
2022-06-16,BEAR,BEAR,OOH,NORMAL,SWR,TR,705.55,667.15,703.45,705.55,667.15,667.5
2022-06-17,TR,TR,OOL,NORMAL,WBR,BEAR,669.15,651.0,669.1,669.15,651.0,654.1
2022-06-20,BEAR,BULL,OIM,DOJI,WBR,BEAR,666.65,650.0,660.45,666.65,650.0,664.7
2022-06-21,TR,TR,OAR,DOJI,SWR,TR,671.4,663.0,667.0,671.4,663.0,664.25
2022-06-22,BULL,BEAR,OIM,DOJI,WAR,TR,684.7,664.2,666.0,684.7,664.2,667.3
2022-06-23,BULL,BEAR,OOL,DOJI,SWR,TR,674.7,658.6,670.2,674.7,658.6,665.0
2022-06-24,BEAR,BEAR,OIM,NORMAL,SWR,TR,673.45,659.1,669.3,673.45,659.1,661.3
2022-06-27,BEAR,TR,OOH,NORMAL,SWR,BEAR,670.0,662.0,670.0,670.0,662.0,664.8
2022-06-28,TR,TR,OOL,DOJI,WBR,BEAR,664.75,659.05,663.25,664.75,659.05,664.0
2022-06-29,TR,BULL,OOL,NORMAL,WBR,TR,696.55,658.0,660.1,696.55,658.0,677.05
2022-06-30,TR,BEAR,OIM,NORMAL,SWR,TR,683.7,671.0,678.5,683.7,671.0,674.25
2022-07-01,TR,TR,OIM,NORMAL,SWR,TR,679.5,670.0,675.0,679.5,670.0,677.1
2022-07-04,TR,BULL,OOH,NORMAL,WAR,TR,694.0,678.0,678.0,694.0,678.0,693.6
2022-07-05,BULL,TR,OAR,NORMAL,SAR,BULL,712.65,697.05,698.0,712.65,697.05,701.5
2022-07-06,BEAR,BEAR,OIM,DOJI,SWR,TR,713.5,701.55,707.0,713.5,701.55,702.9
2022-07-07,TR,BEAR,OIM,NORMAL,SWR,TR,714.7,696.65,708.0,714.7,696.65,697.05
2022-07-08,BULL,TR,OOL,NORMAL,SWR,BEAR,710.7,701.25,701.25,710.7,701.25,708.15
2022-07-11,TR,BULL,OOH,NORMAL,SWR,BULL,721.3,704.35,707.95,721.3,704.35,717.8
2022-07-12,TR,TR,OOH,NORMAL,WAR,BULL,724.4,714.35,718.7,724.4,714.35,716.55
2022-07-13,TR,TR,OIM,NORMAL,SWR,TR,723.9,715.45,719.9,723.9,715.45,718.3
2022-07-14,TR,BEAR,OIM,NORMAL,SWR,TR,721.25,709.0,720.1,721.25,709.0,715.0
2022-07-15,BEAR,TR,OOH,HUGE OPEN,SWR,TR,721.0,705.05,719.45,721.0,705.05,708.2
2022-07-18,TR,BEAR,OIM,NORMAL,SWR,BEAR,712.85,693.9,710.0,712.85,693.9,695.85
2022-07-19,BEAR,TR,OOL,NORMAL,WBR,BEAR,698.75,688.0,697.0,698.75,688.0,688.15
2022-07-20,TR,BEAR,OIM,NORMAL,SWR,BEAR,696.4,686.75,694.3,696.4,686.75,687.1
2022-07-21,BULL,TR,OOL,NORMAL,SWR,BEAR,692.9,687.05,688.0,692.9,687.05,687.45
2022-07-22,TR,TR,OIM,NORMAL,SWR,TR,694.3,687.7,689.05,694.3,687.7,687.9
2022-07-25,TR,TR,OOL,NORMAL,WBR,TR,690.0,682.2,688.0,690.0,682.2,683.2
2022-07-26,BEAR,BEAR,OOL,NORMAL,WBR,BEAR,684.8,675.0,684.0,684.8,675.0,675.5
2022-07-27,TR,TR,OOL,NORMAL,WBR,BEAR,679.5,672.9,675.0,679.5,672.9,673.5
2022-07-28,TR,TR,OIM,DOJI,SWR,TR,679.15,674.0,677.0,679.15,674.0,675.0
2022-07-29,BULL,TR,OIM,HUGE OPEN,WAR,TR,683.8,675.0,676.15,683.8,675.0,677.55
2022-08-01,TR,TR,OIM,DOJI,SWR,TR,685.25,678.4,680.0,685.25,678.4,682.8
2022-08-02,TR,TR,OIM,NORMAL,SWR,TR,688.95,680.2,682.4,688.95,680.2,684.35
2022-08-03,BEAR,BEAR,OIM,DOJI,SWR,TR,688.0,677.0,685.0,688.0,677.0,678.6
2022-08-04,TR,BEAR,OIM,NORMAL,SWR,BEAR,683.45,670.75,682.0,683.45,670.75,674.0
2022-08-05,BULL,BULL,OIM,NORMAL,SWR,BEAR,694.75,674.1,675.0,694.75,674.1,680.8
2022-08-08,BULL,TR,OIM,NORMAL,SWR,TR,687.95,678.5,680.35,687.95,678.5,679.7
2022-08-10,TR,TR,OIM,DOJI,SWR,TR,687.95,680.85,682.5,687.95,680.85,682.9
2022-08-11,TR,TR,OIM,NORMAL,SWR,TR,689.8,681.3,685.45,689.8,681.3,683.0
2022-08-12,BULL,TR,OOL,NORMAL,SWR,TR,687.1,681.05,683.25,687.1,681.05,682.35
2022-08-16,BULL,BEAR,OAR,DOJI,SAR,TR,706.5,692.0,693.0,706.5,692.0,697.0
2022-08-17,TR,TR,OIM,DOJI,SWR,TR,703.9,697.0,702.0,703.9,697.0,697.5
2022-08-18,TR,TR,OOL,NORMAL,SWR,TR,703.25,695.1,698.9,703.25,695.1,696.0
2022-08-19,BEAR,BEAR,OIM,DOJI,WBR,TR,698.95,683.4,697.9,698.95,683.4,684.15
2022-08-22,BEAR,BEAR,OOL,NORMAL,WBR,BEAR,684.9,675.0,684.9,684.9,675.0,675.55
2022-08-23,TR,BEAR,OBR,NORMAL,SWR,BEAR,678.75,670.25,674.5,678.75,670.25,671.55
2022-08-24,TR,TR,OIM,DOJI,SWR,TR,682.35,672.0,673.1,682.35,672.0,675.9
2022-08-25,TR,TR,OIM,DOJI,SWR,TR,682.8,677.05,678.5,682.8,677.05,677.85
2022-08-26,TR,TR,OIM,DOJI,SWR,TR,682.4,678.05,680.9,682.4,678.05,679.3
2022-08-29,BULL,TR,OBR,HUGE OPEN,SBR,TR,674.95,667.2,670.0,674.95,667.2,671.05
2022-08-30,TR,TR,OOH,DOJI,WAR,TR,676.95,672.2,673.5,676.95,672.2,674.5
2022-09-01,TR,BEAR,OOL,HUGE OPEN,SWR,TR,676.8,668.05,673.0,676.8,668.05,669.1
2022-09-02,TR,BEAR,OIM,DOJI,SWR,TR,672.9,664.0,671.0,672.9,664.0,664.85
2022-09-05,TR,BEAR,OOL,NORMAL,SWR,BEAR,668.75,659.15,666.0,668.75,659.15,659.8
2022-09-06,BEAR,BEAR,OOL,NORMAL,SWR,BEAR,663.8,651.05,662.0,663.8,651.05,653.1
2022-09-07,TR,TR,OOL,DOJI,SWR,BEAR,655.4,651.0,652.8,655.4,651.0,653.55
2022-09-08,BEAR,TR,OAR,NORMAL,SAR,TR,658.9,652.3,656.0,658.9,652.3,653.55
2022-09-09,TR,BEAR,OOH,DOJI,SWR,TR,659.0,652.65,657.8,659.0,652.65,653.6
2022-09-12,TR,TR,OIM,NORMAL,SWR,TR,656.75,651.65,655.0,656.75,651.65,652.05
2022-09-13,TR,BULL,OIM,DOJI,SWR,TR,673.35,653.5,655.0,673.35,653.5,670.1
2022-09-14,BULL,TR,OIM,DOJI,SWR,BULL,677.65,662.2,664.7,677.65,662.2,662.3
2022-09-15,BEAR,BULL,OOL,NORMAL,SWR,TR,676.55,660.15,665.0,676.55,660.15,674.1
2022-09-16,BEAR,BEAR,OIM,DOJI,SWR,BULL,671.65,653.5,670.9,671.65,653.5,655.0
2022-09-19,TR,TR,OOL,DOJI,SWR,BEAR,663.35,654.0,658.3,663.35,654.0,655.0
2022-09-20,TR,BEAR,OIM,NORMAL,SWR,TR,665.0,655.6,657.55,665.0,655.6,656.4
2022-09-21,TR,TR,OOL,DOJI,SWR,TR,659.85,651.8,656.4,659.85,651.8,652.2
2022-09-22,BULL,BEAR,OOL,NORMAL,SWR,BEAR,658.5,648.05,653.0,658.5,648.05,650.25
2022-09-23,BEAR,BEAR,OIM,DOJI,WBR,TR,652.85,642.0,651.6,652.85,642.0,642.75
2022-09-26,BEAR,TR,OBR,NORMAL,SBR,BEAR,641.0,629.1,640.0,641.0,629.1,630.95
2022-09-27,TR,BEAR,OOL,NORMAL,SWR,BEAR,637.5,628.0,632.0,637.5,628.0,629.0
2022-09-28,BEAR,TR,OBR,NORMAL,SBR,TR,627.75,620.25,627.75,627.75,620.25,620.6
2022-09-29,TR,BEAR,OIM,NORMAL,SWR,BEAR,626.8,618.0,623.9,626.8,618.0,619.0
2022-09-30,TR,TR,OOL,DOJI,SWR,BEAR,626.4,617.05,620.25,626.4,617.05,623.0
2022-10-03,TR,TR,OIM,NORMAL,SWR,TR,625.0,619.4,622.0,625.0,619.4,620.0
2022-10-04,TR,TR,OOH,NORMAL,WAR,TR,631.8,624.0,624.0,631.8,624.0,629.5
2022-10-06,BULL,TR,OOH,NORMAL,WAR,BULL,635.65,628.5,630.55,635.65,628.5,628.9
2022-10-07,BEAR,TR,OOL,DOJI,WBR,TR,629.9,624.0,629.0,629.9,624.0,624.5
2022-10-10,BEAR,TR,OBR,NORMAL,SBR,TR,622.7,618.2,622.7,622.7,618.2,621.7
2022-10-11,BULL,BEAR,OIM,DOJI,WAR,TR,625.85,618.0,620.7,625.85,618.0,619.0
2022-10-12,TR,BEAR,OIM,DOJI,SWR,TR,622.7,613.85,621.5,622.7,613.85,617.0
2022-10-13,TR,BEAR,OOL,NORMAL,SWR,TR,618.45,611.0,616.0,618.45,611.0,611.5
2022-10-14,BEAR,BEAR,OOH,DOJI,SWR,BEAR,619.05,612.0,617.6,619.05,612.0,613.15
2022-10-17,BEAR,TR,OOL,NORMAL,WBR,BEAR,613.55,608.0,612.8,613.55,608.0,609.0
2022-10-18,TR,TR,OIM,DOJI,SWR,TR,612.4,607.5,611.0,612.4,607.5,607.9
2022-10-19,TR,TR,OOL,DOJI,SWR,TR,611.0,605.5,608.9,611.0,605.5,606.0
2022-10-20,BEAR,TR,OIM,HUGE OPEN,WBR,TR,607.55,600.0,607.55,607.55,600.0,600.4
2022-10-21,BEAR,BEAR,OOL,NORMAL,WBR,BEAR,601.15,588.0,601.15,601.15,588.0,588.95
2022-10-24,TR,TR,OIM,DOJI,SWR,BEAR,600.7,593.7,594.45,600.7,593.7,600.45
2022-10-25,BEAR,TR,OOH,HUGE OPEN,SWR,BULL,600.4,594.3,600.05,600.4,594.3,596.2
2022-10-27,BEAR,TR,OIM,NORMAL,SWR,BEAR,597.7,595.0,596.5,597.7,595.0,596.0
2022-10-28,TR,TR,OIM,DOJI,SWR,TR,596.9,591.25,596.0,596.9,591.25,592.65
2022-10-31,TR,TR,OAR,HUGE OPEN,SAR,TR,615.5,602.8,606.9,615.5,602.8,603.85
2022-11-01,BEAR,TR,OIM,NORMAL,SWR,TR,608.95,603.95,608.95,608.95,603.95,605.2
2022-11-02,TR,BULL,OIM,HUGE OPEN,SWR,TR,622.0,603.1,607.0,622.0,603.1,619.0
2022-11-03,BULL,TR,OOH,DOJI,WAR,BULL,628.9,616.0,619.0,628.9,616.0,625.5
2022-11-04,BEAR,TR,OOH,NORMAL,WAR,BULL,630.0,626.3,628.0,630.0,626.3,627.0
2022-11-07,TR,TR,OOH,HUGE OPEN,WAR,TR,638.0,629.0,629.0,638.0,629.0,633.75
2022-11-09,TR,BEAR,OIM,NORMAL,SWR,TR,637.7,630.1,635.0,637.7,630.1,631.0
2022-11-10,BEAR,BEAR,OIM,NORMAL,SWR,BEAR,635.0,618.8,635.0,635.0,618.8,621.0
2022-11-11,TR,TR,OIM,NORMAL,SWR,BEAR,633.65,625.05,626.0,633.65,625.05,627.0
2022-11-14,BEAR,TR,OAR,HUGE OPEN,SAR,TR,681.95,658.4,663.95,681.95,658.4,664.5
2022-11-15,BEAR,BEAR,OOL,NORMAL,SWR,TR,670.8,650.0,665.0,670.8,650.0,652.65
2022-11-16,TR,BEAR,OOL,DOJI,SWR,BEAR,655.0,641.25,652.0,655.0,641.25,642.1
2022-11-17,BULL,BEAR,OBR,DOJI,SWR,BEAR,649.0,638.0,639.0,649.0,638.0,643.0
2022-11-18,TR,BEAR,OIM,NORMAL,SWR,TR,646.0,636.7,643.0,646.0,636.7,639.4
2022-11-21,BEAR,BEAR,OIM,NORMAL,WBR,TR,640.1,625.3,639.9,640.1,625.3,625.95
2022-11-22,BULL,BEAR,OBR,NORMAL,SWR,BEAR,633.8,624.0,625.0,633.8,624.0,626.0
2022-11-23,TR,BEAR,OIM,DOJI,SWR,TR,629.0,620.05,627.0,629.0,620.05,620.7
2022-11-24,BULL,TR,OIM,NORMAL,SWR,BEAR,631.0,623.0,623.0,631.0,623.0,623.55
2022-11-25,TR,TR,OIM,NORMAL,SWR,TR,630.75,626.7,627.35,630.75,626.7,627.95
2022-11-28,BULL,TR,OIM,HUGE OPEN,WAR,TR,633.25,628.0,628.0,633.25,628.0,629.5
2022-11-29,BULL,BULL,OOL,NORMAL,SWR,TR,643.4,629.0,629.0,643.4,629.0,636.1
2022-11-30,BULL,TR,OIM,NORMAL,SWR,TR,639.8,633.0,636.0,639.8,633.0,636.6
2022-12-01,BULL,BULL,OOH,NORMAL,WAR,TR,657.95,638.0,638.0,657.95,638.0,650.1
2022-12-02,BULL,TR,OIM,NORMAL,SWR,TR,654.0,648.0,648.0,654.0,648.0,652.5
2022-12-05,TR,TR,OIM,NORMAL,SWR,TR,655.0,649.0,651.1,655.0,649.0,651.15
2022-12-06,TR,TR,OIM,NORMAL,SWR,TR,658.8,649.0,651.0,658.8,649.0,651.0
2022-12-07,TR,TR,OOL,NORMAL,SWR,TR,657.85,649.75,649.75,657.85,649.75,653.85
2022-12-08,TR,BULL,OIM,NORMAL,SWR,TR,670.2,653.0,655.0,670.2,653.0,661.05
2022-12-09,TR,BULL,OIM,NORMAL,SWR,TR,675.85,664.05,665.0,675.85,664.05,674.65
2022-12-12,TR,BULL,OIM,NORMAL,SWR,BULL,703.7,670.1,672.0,703.7,670.1,700.75
2022-12-13,BULL,TR,OOH,NORMAL,WAR,BULL,724.45,700.0,700.0,724.45,700.0,716.85
2022-12-14,BULL,BEAR,OOH,DOJI,WAR,BULL,731.95,711.95,724.0,731.95,711.95,727.5
2022-12-15,BEAR,BEAR,OOH,DOJI,SWR,TR,730.4,706.0,728.1,730.4,706.0,708.0
2022-12-16,TR,BEAR,OBR,NORMAL,SWR,BEAR,711.25,687.05,701.3,711.25,687.05,689.8
2022-12-19,TR,BULL,OOL,NORMAL,SWR,BEAR,741.75,689.75,689.8,741.75,689.75,738.15
2022-12-20,BULL,BEAR,OOH,DOJI,WAR,BULL,754.25,730.05,738.0,754.25,730.05,738.4
2022-12-21,TR,BEAR,OIM,NORMAL,SWR,TR,747.7,698.0,742.0,747.7,698.0,699.9
2022-12-22,BEAR,BEAR,OOL,NORMAL,WBR,BEAR,713.5,680.0,705.2,713.5,680.0,682.6
2022-12-23,BULL,BEAR,OBR,NORMAL,SWR,BEAR,686.8,655.1,679.0,686.8,655.1,660.7
2022-12-26,BULL,BULL,OOL,NORMAL,SWR,BEAR,690.9,661.0,661.0,690.9,661.0,690.6
2022-12-27,BEAR,TR,OAR,NORMAL,SAR,BULL,698.7,681.55,693.5,698.7,681.55,691.0
2022-12-28,TR,TR,OIM,NORMAL,SWR,TR,693.4,685.0,690.0,693.4,685.0,689.0
2022-12-29,BEAR,TR,OOL,NORMAL,WBR,TR,686.6,681.35,686.6,686.6,681.35,683.0
2022-12-30,TR,BEAR,OOH,HUGE OPEN,WAR,TR,692.1,683.3,686.0,692.1,683.3,684.0
2023-01-02,BULL,BULL,OOL,NORMAL,SWR,TR,714.5,685.0,685.0,714.5,685.0,712.6
2023-01-03,BULL,BULL,OAR,NORMAL,SAR,BULL,737.75,715.9,718.0,737.75,715.9,734.0
2023-01-04,BULL,BEAR,OOH,DOJI,WAR,BULL,746.0,728.0,736.9,746.0,728.0,728.95
2023-01-05,BEAR,BEAR,OIM,DOJI,SWR,TR,738.15,722.7,733.85,738.15,722.7,727.4
2023-01-06,BEAR,BEAR,OIM,NORMAL,WBR,TR,729.4,705.2,727.8,729.4,705.2,707.65
2023-01-09,TR,TR,OIM,DOJI,SWR,BEAR,717.95,708.1,716.0,717.95,708.1,711.5
2023-01-10,TR,TR,OIM,DOJI,SWR,BEAR,718.5,708.5,711.7,718.5,708.5,714.0
2023-01-11,BULL,BEAR,OIM,DOJI,WAR,TR,723.3,710.55,714.55,723.3,710.55,715.4
2023-01-12,BEAR,BEAR,OIM,DOJI,SWR,TR,717.55,703.2,716.1,717.55,703.2,704.95
2023-01-13,TR,TR,OOL,DOJI,SWR,BEAR,716.2,705.3,706.45,716.2,705.3,712.35
2023-01-16,TR,BEAR,OOH,NORMAL,SWR,TR,718.6,707.95,714.0,718.6,707.95,709.0
2023-01-17,TR,TR,OOL,NORMAL,SWR,BEAR,711.25,699.35,708.0,711.25,699.35,704.2
2023-01-18,TR,TR,OIM,NORMAL,SWR,TR,708.95,703.1,707.0,708.95,703.1,704.7
2023-01-19,BULL,BEAR,OIM,HUGE OPEN,WAR,TR,710.95,700.3,705.0,710.95,700.3,701.5
2023-01-20,TR,TR,OOL,NORMAL,SWR,TR,705.3,695.2,702.0,705.3,695.2,698.3
2023-01-23,TR,TR,OIM,DOJI,SWR,TR,704.85,698.55,700.0,704.85,698.55,700.55
2023-01-24,TR,TR,OIM,NORMAL,SWR,TR,714.5,700.0,702.0,714.5,700.0,701.5
2023-01-25,BEAR,BEAR,OOL,DOJI,SWR,TR,704.95,686.75,703.0,704.95,686.75,689.5
2023-01-27,BEAR,BEAR,OOL,DOJI,WBR,BEAR,692.4,660.25,691.0,692.4,660.25,667.0
2023-01-30,TR,BEAR,OBR,HUGE OPEN,SWR,BEAR,684.0,640.0,649.0,684.0,640.0,655.5
2023-01-31,BEAR,TR,OIM,DOJI,SWR,TR,662.8,650.9,660.0,662.8,650.9,654.0
2023-02-01,TR,BEAR,OOH,NORMAL,WAR,BEAR,665.4,582.95,660.0,665.4,582.95,600.8
2023-02-02,BULL,BEAR,OOL,NORMAL,SWR,BEAR,606.0,583.15,583.15,606.0,583.15,598.9
2023-02-03,BEAR,TR,OOH,DOJI,SWR,BULL,604.5,586.6,602.1,604.5,586.6,598.1
2023-02-06,BEAR,TR,OOH,NORMAL,SWR,TR,607.4,597.3,602.0,607.4,597.3,600.0
2023-02-07,BULL,TR,OIM,NORMAL,SWR,TR,618.2,601.25,602.0,618.2,601.25,602.9
2023-02-08,BULL,TR,OOL,NORMAL,SWR,TR,612.6,604.5,605.0,612.6,604.5,612.5
2023-02-09,BEAR,TR,OAR,NORMAL,SWR,BULL,618.0,609.65,613.35,618.0,609.65,613.5
2023-02-10,BEAR,BEAR,OAR,HUGE OPEN,SAR,TR,639.9,617.55,630.0,639.9,617.55,618.5
2023-02-13,BEAR,BEAR,OOL,NORMAL,WBR,BEAR,623.65,605.35,621.0,623.65,605.35,606.7
2023-02-14,BEAR,BEAR,OBR,NORMAL,SWR,BEAR,609.7,596.2,605.05,609.7,596.2,597.7
2023-02-15,BULL,TR,OBR,NORMAL,SWR,BEAR,603.95,595.1,595.1,603.95,595.1,600.95
2023-02-16,TR,TR,OAR,DOJI,SAR,BULL,606.25,602.0,604.05,606.25,602.0,603.5
2023-02-17,TR,TR,OOL,NORMAL,SWR,TR,605.75,600.3,603.0,605.75,600.3,603.3
2023-02-20,BEAR,TR,OOH,HUGE OPEN,WBR,TR,605.0,597.0,605.0,605.0,597.0,598.0
2023-02-21,TR,TR,OIM,DOJI,SWR,BEAR,601.3,596.0,600.0,601.3,596.0,597.0
2023-02-22,TR,TR,OOL,NORMAL,WBR,TR,598.7,593.45,597.0,598.7,593.45,595.95
2023-02-23,BEAR,TR,OIM,DOJI,WBR,TR,598.95,590.1,596.0,598.95,590.1,591.0
2023-02-24,BEAR,BEAR,OOL,NORMAL,WBR,BEAR,593.9,584.0,591.0,593.9,584.0,584.7
2023-02-27,BEAR,BEAR,OOL,HUGE OPEN,WBR,BEAR,585.05,566.0,584.6,585.05,566.0,568.0
2023-02-28,TR,BULL,OOL,NORMAL,SWR,BEAR,582.65,568.0,568.0,582.65,568.0,581.0
2023-03-01,BULL,BULL,OOH,NORMAL,WAR,BULL,604.55,580.25,581.3,604.55,580.25,602.25
2023-03-02,TR,TR,OOH,NORMAL,SWR,BULL,607.3,597.0,601.9,607.3,597.0,599.6
2023-03-03,TR,BULL,OAR,NORMAL,SAR,TR,619.0,607.9,609.0,619.0,607.9,614.5
2023-03-06,TR,BEAR,OAR,NORMAL,SAR,TR,625.0,609.9,620.0,625.0,609.9,611.0
2023-03-08,BEAR,BEAR,OOL,NORMAL,WBR,BEAR,610.4,602.0,610.4,610.4,602.0,603.55
2023-03-09,BEAR,BEAR,OIM,DOJI,SWR,BEAR,606.0,592.6,605.0,606.0,592.6,598.65
2023-03-10,BEAR,TR,OOL,NORMAL,WBR,TR,596.95,590.05,595.0,596.95,590.05,596.5
2023-03-13,BEAR,BEAR,OOH,NORMAL,SWR,TR,598.35,580.0,595.5,598.35,580.0,581.8
2023-03-14,BEAR,BEAR,OOL,DOJI,SWR,BEAR,587.45,575.0,585.05,587.45,575.0,578.7
2023-03-15,TR,BEAR,OIM,NORMAL,SWR,BEAR,586.25,576.0,581.0,586.25,576.0,578.0
2023-03-16,BEAR,TR,OOL,DOJI,WBR,TR,578.9,570.75,577.0,578.9,570.75,573.0
2023-03-17,TR,TR,OIM,HUGE OPEN,WAR,BEAR,581.9,575.35,575.35,581.9,575.35,580.0
2023-03-20,TR,TR,OIM,NORMAL,SWR,BULL,579.0,570.2,579.0,579.0,570.2,575.0
2023-03-21,TR,TR,OOH,NORMAL,SWR,TR,578.75,571.55,577.8,578.75,571.55,572.85
2023-03-22,TR,TR,OOL,NORMAL,SWR,BEAR,577.75,572.0,573.0,577.75,572.0,572.5
2023-03-23,TR,BEAR,OOL,DOJI,SWR,TR,575.0,568.0,573.1,575.0,568.0,569.0
2023-03-24,TR,BEAR,OOL,NORMAL,SWR,BEAR,571.95,559.0,570.0,571.95,559.0,559.9
2023-03-27,BEAR,BEAR,OOL,NORMAL,WBR,BEAR,562.65,540.0,560.1,562.65,540.0,541.8
2023-03-28,BEAR,BEAR,OOL,NORMAL,SWR,BEAR,549.25,535.0,546.0,549.25,535.0,535.85
2023-03-29,TR,BEAR,OOL,NORMAL,SWR,BEAR,542.55,530.05,537.5,542.55,530.05,531.95
2023-03-31,BULL,BEAR,OIM,NORMAL,WAR,TR,546.85,531.1,534.55,546.85,531.1,535.0
2023-04-03,BULL,TR,OIM,NORMAL,SWR,TR,548.55,537.75,540.0,548.55,537.75,544.95
2023-04-05,BULL,TR,OAR,NORMAL,SWR,BULL,555.15,546.75,549.4,555.15,546.75,550.9
2023-04-06,BULL,TR,OIM,DOJI,SWR,TR,556.4,548.15,551.0,556.4,548.15,551.5
2023-04-10,BEAR,TR,OOH,DOJI,SWR,TR,556.0,548.5,554.45,556.0,548.5,549.9
2023-04-11,BULL,TR,OOL,NORMAL,SWR,BEAR,555.25,549.3,550.1,555.25,549.3,550.4
2023-04-12,BEAR,TR,OIM,NORMAL,SWR,TR,553.9,549.0,552.7,553.9,549.0,549.6
2023-04-13,TR,TR,OOL,NORMAL,SWR,TR,553.45,548.2,549.9,553.45,548.2,551.35
2023-04-17,BEAR,BEAR,OIM,NORMAL,WBR,TR,551.25,544.0,550.95,551.25,544.0,545.5
2023-04-18,BULL,TR,OOL,NORMAL,SWR,BEAR,552.3,546.1,546.1,552.3,546.1,547.7
2023-04-19,TR,TR,OIM,DOJI,SWR,TR,550.0,545.0,549.0,550.0,545.0,547.45
2023-04-20,TR,BULL,OIM,NORMAL,SWR,TR,556.2,546.45,547.75,556.2,546.45,552.25
2023-04-21,BEAR,TR,OIM,NORMAL,SWR,TR,550.6,545.1,550.6,550.6,545.1,547.15
2023-04-24,TR,TR,OIM,DOJI,SWR,TR,553.65,547.5,548.9,553.65,547.5,549.7
2023-04-25,BULL,BEAR,OIM,NORMAL,WAR,TR,556.0,547.5,551.0,556.0,547.5,548.3
2023-04-26,BULL,TR,OOL,NORMAL,SWR,TR,550.35,547.1,548.3,550.35,547.1,548.0
2023-04-27,TR,BEAR,OOL,DOJI,WAR,TR,552.9,543.3,548.0,552.9,543.3,544.8
2023-04-28,TR,TR,OIM,NORMAL,SWR,TR,552.8,546.55,548.5,552.8,546.55,550.25
2023-05-02,TR,TR,OOH,DOJI,WAR,TR,554.6,549.2,552.0,554.6,549.2,551.2
2023-05-03,TR,TR,OIM,NORMAL,SWR,TR,552.9,550.0,550.95,552.9,550.0,551.95
2023-05-04,BULL,BEAR,OIM,HUGE OPEN,WAR,TR,566.15,549.15,552.0,566.15,549.15,551.7
2023-05-05,BULL,TR,OOL,NORMAL,SWR,TR,565.35,551.65,552.5,565.35,551.65,561.9
2023-05-08,TR,TR,OOH,DOJI,SWR,BULL,567.0,562.0,563.0,567.0,562.0,563.0
2023-05-09,TR,BEAR,OIM,DOJI,SWR,TR,565.5,556.0,564.45,565.5,556.0,557.6
2023-05-10,TR,TR,OOL,DOJI,SWR,BEAR,560.3,555.15,558.75,560.3,555.15,558.0
2023-05-11,TR,TR,OOH,HUGE OPEN,WAR,TR,563.65,559.0,559.95,563.65,559.0,561.55
2023-05-12,BEAR,BULL,OIM,HUGE OPEN,WBR,TR,564.45,557.5,561.0,564.45,557.5,562.4
2023-05-15,BULL,TR,OOH,NORMAL,WAR,TR,573.0,561.25,564.0,573.0,561.25,567.5
2023-05-16,BULL,TR,OIM,NORMAL,SWR,TR,574.3,566.4,569.0,574.3,566.4,568.05
2023-05-17,TR,TR,OOL,NORMAL,SWR,TR,570.9,565.9,568.0,570.9,565.9,570.0
2023-05-18,TR,TR,OAR,HUGE OPEN,SAR,TR,576.8,567.0,572.0,576.8,567.0,567.95
2023-05-19,BEAR,TR,OIM,NORMAL,WBR,TR,570.05,562.3,570.0,570.05,562.3,565.35
2023-05-22,BULL,BULL,OOH,NORMAL,WAR,TR,579.3,567.05,569.0,579.3,567.05,579.0
2023-05-23,BULL,BULL,OAR,NORMAL,SAR,BULL,594.5,580.9,581.0,594.5,580.9,591.05
2023-05-24,TR,TR,OOH,NORMAL,WAR,BULL,604.1,592.05,594.15,604.1,592.05,593.95
2023-05-25,BEAR,TR,OAR,HUGE OPEN,SAR,TR,615.0,601.0,607.0,615.0,601.0,603.6
2023-05-26,TR,TR,OIM,DOJI,SWR,TR,609.8,603.1,608.6,609.8,603.1,603.8
2023-05-29,BEAR,TR,OAR,NORMAL,SWR,BEAR,610.05,603.3,610.0,610.05,603.3,604.9
2023-05-30,BEAR,TR,OIM,NORMAL,SWR,BEAR,606.0,599.5,605.5,606.0,599.5,599.55
2023-05-31,BEAR,TR,OBR,NORMAL,SBR,BEAR,599.45,593.0,599.45,599.45,593.0,595.5
2023-06-01,BULL,TR,OIM,DOJI,SWR,TR,600.5,594.0,595.0,600.5,594.0,596.85
2023-06-02,TR,TR,OOH,DOJI,SWR,TR,601.4,596.1,599.1,601.4,596.1,597.5
2023-06-05,TR,TR,OIM,NORMAL,SWR,TR,602.0,596.0,598.5,602.0,596.0,597.0
2023-06-06,TR,TR,OIM,NORMAL,SWR,TR,599.75,596.0,598.05,599.75,596.0,598.75
2023-06-07,TR,BULL,OOH,DOJI,SWR,TR,605.0,597.65,599.0,605.0,597.65,600.85
2023-06-08,TR,TR,OIM,NORMAL,WAR,TR,610.35,602.3,602.35,610.35,602.3,604.2
2023-06-09,TR,TR,OIM,NORMAL,SWR,TR,606.8,600.75,605.0,606.8,600.75,602.2
2023-06-12,BEAR,TR,OBR,NORMAL,SBR,BEAR,601.5,595.05,598.8,601.5,595.05,597.75
2023-06-13,BULL,TR,OIM,NORMAL,SWR,TR,600.7,597.7,597.7,600.7,597.7,598.65
2023-06-14,TR,TR,OOH,HUGE OPEN,WAR,TR,601.9,595.25,599.9,601.9,595.25,596.0
2023-06-15,TR,TR,OOL,DOJI,SWR,BEAR,604.85,595.1,596.0,604.85,595.1,596.1
2023-06-16,TR,BULL,OOL,NORMAL,SWR,TR,606.7,596.4,596.4,606.7,596.4,603.5
2023-06-19,BULL,BULL,OOH,NORMAL,WAR,BULL,620.8,603.55,605.0,620.8,603.55,617.1
2023-06-20,BULL,BULL,OOH,NORMAL,WAR,BULL,632.4,619.85,620.0,632.4,619.85,630.05
2023-06-21,BULL,TR,OAR,NORMAL,SAR,BULL,639.7,633.05,636.6,639.7,633.05,636.1
2023-06-22,BULL,BEAR,OOH,DOJI,WAR,TR,653.7,636.85,637.9,653.7,636.85,640.95
2023-06-23,BEAR,BEAR,OIM,DOJI,WBR,TR,646.65,622.85,643.0,646.65,622.85,623.8
2023-06-26,TR,BEAR,OOL,NORMAL,WBR,BEAR,625.7,613.7,624.95,625.7,613.7,613.8
2023-06-27,BEAR,TR,OOL,NORMAL,SWR,BEAR,620.45,611.85,616.3,620.45,611.85,616.45
2023-06-28,TR,TR,OOH,NORMAL,SWR,TR,622.75,615.0,618.0,622.75,615.0,620.55
2023-06-30,BEAR,BULL,OOH,DOJI,WAR,TR,633.5,620.2,622.1,633.5,620.2,633.25
2023-07-03,BEAR,TR,OAR,NORMAL,SWR,BULL,637.85,628.0,635.0,637.85,628.0,628.85
2023-07-04,BEAR,TR,OOL,NORMAL,WBR,BEAR,632.75,624.3,630.75,632.75,624.3,626.0
2023-07-05,TR,TR,OOL,NORMAL,SWR,BEAR,629.5,625.0,626.0,629.5,625.0,625.95
2023-07-06,BULL,TR,OOL,DOJI,WAR,TR,631.35,624.0,625.1,631.35,624.0,627.5
2023-07-07,TR,BEAR,OIM,DOJI,SWR,TR,630.7,621.25,626.5,630.7,621.25,622.4
2023-07-10,TR,TR,OOL,NORMAL,WBR,TR,623.7,617.0,623.0,623.7,617.0,618.55
2023-07-11,TR,TR,OOH,HUGE OPEN,WAR,BEAR,629.9,620.6,623.0,629.9,620.6,621.9
2023-07-12,TR,TR,OOL,DOJI,SWR,TR,624.0,618.0,623.1,624.0,618.0,620.1
2023-07-13,TR,BEAR,OIM,DOJI,SWR,TR,624.4,614.25,621.0,624.4,614.25,616.0
2023-07-14,TR,TR,OOL,NORMAL,SWR,BEAR,620.0,615.8,616.85,620.0,615.8,620.0
2023-07-17,BULL,TR,OIM,HUGE OPEN,WAR,TR,625.0,617.5,617.5,625.0,617.5,621.0
2023-07-18,BEAR,TR,OOH,DOJI,SWR,TR,625.95,618.0,624.0,625.95,618.0,622.0
2023-07-19,BEAR,TR,OIM,NORMAL,SWR,TR,623.4,619.5,621.9,623.4,619.5,620.05
2023-07-20,BEAR,BULL,OIM,DOJI,SWR,TR,629.45,619.05,621.5,629.45,619.05,628.4
2023-07-21,BEAR,BULL,OOH,DOJI,SWR,BULL,642.9,623.5,626.75,642.9,623.5,636.75
2023-07-24,BEAR,BEAR,OIM,DOJI,SWR,BULL,640.0,625.0,635.75,640.0,625.0,625.6
2023-07-25,TR,TR,OOL,NORMAL,SWR,BEAR,630.8,621.05,626.75,630.8,621.05,622.75
2023-07-26,TR,TR,OIM,NORMAL,SWR,TR,630.6,623.8,624.6,630.6,623.8,628.25
2023-07-27,TR,TR,OIM,NORMAL,WAR,BULL,635.3,627.9,627.9,635.3,627.9,630.6
2023-07-28,TR,BEAR,OOL,NORMAL,SWR,TR,633.45,624.5,630.0,633.45,624.5,627.4
2023-07-31,BULL,BULL,OOL,NORMAL,SWR,TR,641.4,627.0,627.0,641.4,627.0,639.5
2023-08-01,BEAR,BULL,OAR,DOJI,SAR,BULL,650.7,640.0,644.0,650.7,640.0,646.7
2023-08-02,BULL,BEAR,OOH,DOJI,WAR,TR,659.75,634.0,648.0,659.75,634.0,641.3
2023-08-03,BULL,TR,OOL,NORMAL,SWR,TR,648.95,641.0,641.3,648.95,641.0,644.9
2023-08-04,BEAR,BULL,OIM,NORMAL,WAR,TR,665.0,646.15,646.15,665.0,646.15,658.7
2023-08-07,TR,BEAR,OIM,NORMAL,SWR,BULL,664.9,653.05,659.1,664.9,653.05,655.15
2023-08-08,BEAR,BEAR,OOL,NORMAL,SWR,TR,659.15,640.55,655.95,659.15,640.55,643.0
2023-08-09,BEAR,TR,OOL,DOJI,SWR,BEAR,647.0,641.0,645.3,647.0,641.0,643.9
2023-08-10,TR,TR,OOH,DOJI,WAR,TR,648.95,639.7,645.5,648.95,639.7,641.6
2023-08-11,BEAR,TR,OAR,HUGE OPEN,SAR,TR,676.0,655.1,666.0,676.0,655.1,660.0
2023-08-14,BEAR,BULL,OOL,NORMAL,WBR,TR,661.25,648.4,660.0,661.25,648.4,654.75
2023-08-16,TR,TR,OIM,NORMAL,SWR,TR,654.5,648.35,654.5,654.5,648.35,648.95
2023-08-17,BULL,TR,OIM,HUGE OPEN,WAR,TR,662.0,650.0,650.45,662.0,650.0,659.05
2023-08-18,BEAR,BEAR,OOH,DOJI,SWR,BULL,661.0,650.0,659.4,661.0,650.0,650.55
2023-08-21,TR,TR,OOL,NORMAL,SWR,BEAR,655.85,650.5,651.1,655.85,650.5,653.25
2023-08-22,TR,BULL,OIM,DOJI,SWR,TR,667.05,652.15,653.8,667.05,652.15,663.25
2023-08-23,BEAR,BEAR,OOH,DOJI,SWR,BULL,667.9,658.0,665.7,667.9,658.0,658.55
2023-08-24,TR,BEAR,OOL,NORMAL,SWR,BEAR,666.15,654.0,660.65,666.15,654.0,655.3
2023-08-25,BULL,BEAR,OOL,DOJI,WBR,TR,657.8,645.0,654.0,657.8,645.0,648.35
2023-08-28,BULL,BULL,OIM,NORMAL,SWR,TR,657.45,649.15,649.75,657.45,649.15,655.0
2023-08-29,BULL,TR,OOH,DOJI,SWR,BULL,660.5,650.5,655.2,660.5,650.5,652.0
2023-08-30,TR,TR,OIM,NORMAL,SWR,TR,655.85,650.25,654.0,655.85,650.25,651.0
2023-08-31,BULL,BEAR,OOL,NORMAL,SWR,TR,655.45,643.05,651.35,655.45,643.05,646.85
2023-09-01,BULL,TR,OOL,NORMAL,SWR,TR,649.4,645.05,645.3,649.4,645.05,645.6
2023-09-04,BULL,BULL,OIM,HUGE OPEN,WAR,TR,664.0,647.0,647.0,664.0,647.0,657.55
2023-09-05,BULL,TR,OOH,NORMAL,SWR,TR,669.05,659.1,660.0,669.05,659.1,660.35
2023-09-06,BULL,BULL,OOL,HUGE OPEN,WAR,TR,691.0,661.15,661.85,691.0,661.15,677.4
2023-09-07,BULL,BEAR,OIM,DOJI,SWR,TR,686.8,674.6,680.2,686.8,674.6,676.2
2023-09-08,BEAR,BEAR,OOH,DOJI,SWR,TR,684.8,673.2,684.0,684.8,673.2,674.5
2023-09-11,TR,TR,OIM,DOJI,SWR,BEAR,684.9,675.95,677.65,684.9,675.95,679.55
2023-09-12,BEAR,BEAR,OOH,HUGE OPEN,WBR,TR,683.4,658.45,683.4,683.4,658.45,658.85
2023-09-13,BEAR,TR,OOL,NORMAL,SWR,BEAR,666.95,654.55,660.05,666.95,654.55,659.0
2023-09-14,TR,TR,OIM,DOJI,SWR,TR,666.0,659.4,662.95,666.0,659.4,661.0
2023-09-15,BEAR,BULL,OIM,DOJI,SWR,TR,671.3,658.6,662.55,671.3,658.6,668.4
2023-09-18,BULL,TR,OOH,NORMAL,SWR,BULL,671.8,661.7,667.5,671.8,661.7,663.0
2023-09-20,TR,BEAR,OBR,NORMAL,SWR,TR,665.85,653.1,660.0,665.85,653.1,655.5
2023-09-21,TR,TR,OOL,DOJI,SWR,TR,659.55,654.0,655.45,659.55,654.0,654.45
2023-09-22,TR,BEAR,OIM,HUGE OPEN,SWR,TR,659.8,649.0,655.95,659.8,649.0,652.5
2023-09-25,TR,TR,OOL,NORMAL,SWR,TR,653.0,645.5,650.0,653.0,645.5,647.0
2023-09-26,TR,TR,OIM,NORMAL,SWR,TR,649.85,644.0,647.85,649.85,644.0,645.0
2023-09-27,TR,TR,OOL,NORMAL,SWR,TR,649.85,644.0,645.0,649.85,644.0,645.2
2023-09-28,TR,TR,OIM,NORMAL,SWR,TR,652.0,643.05,646.0,652.0,643.05,649.6
2023-09-29,TR,TR,OOH,NORMAL,SWR,TR,652.85,646.85,650.3,652.85,646.85,650.5
2023-10-03,BEAR,TR,OOL,NORMAL,WBR,TR,649.55,644.5,648.1,649.55,644.5,645.0
2023-10-04,BEAR,TR,OBR,DOJI,SBR,TR,644.0,634.05,643.0,644.0,634.05,637.7
2023-10-05,TR,TR,OIM,NORMAL,SWR,TR,642.0,636.5,639.1,642.0,636.5,637.25
2023-10-06,BULL,TR,OOL,HUGE OPEN,WAR,TR,646.0,638.05,638.05,646.0,638.05,643.35
2023-10-09,TR,BULL,OOL,HUGE OPEN,WBR,BULL,639.25,630.1,639.2,639.25,630.1,635.0
2023-10-10,TR,TR,OIM,NORMAL,WAR,TR,640.95,634.7,635.35,640.95,634.7,634.95
2023-10-11,BULL,TR,OIM,NORMAL,SWR,TR,642.0,636.6,638.1,642.0,636.6,637.0
2023-10-12,TR,TR,OOL,NORMAL,SWR,TR,644.2,636.2,638.0,644.2,636.2,636.95
2023-10-13,BULL,TR,OBR,NORMAL,SWR,TR,639.0,634.0,636.0,639.0,634.0,634.0
2023-10-16,BULL,TR,OOL,NORMAL,SWR,TR,640.7,634.65,634.65,640.7,634.65,639.15
2023-10-17,BULL,BULL,OOH,NORMAL,WAR,TR,651.85,639.25,639.35,651.85,639.25,648.0
2023-10-18,TR,BEAR,OOH,DOJI,SWR,BULL,651.0,634.5,649.2,651.0,634.5,635.45
2023-10-19,BEAR,TR,OOL,DOJI,WBR,BEAR,641.0,632.6,634.5,641.0,632.6,635.25
2023-10-20,BULL,TR,OOL,NORMAL,SWR,TR,637.8,633.8,634.45,637.8,633.8,635.5
2023-10-23,BEAR,BEAR,OOL,DOJI,WBR,TR,636.7,615.15,634.95,636.7,615.15,616.55
2023-10-25,BEAR,BEAR,OOL,DOJI,SWR,BEAR,623.6,608.55,620.0,623.6,608.55,612.8
2023-10-26,BEAR,TR,OOL,DOJI,WBR,BEAR,612.5,597.35,609.85,612.5,597.35,605.75
2023-10-27,TR,TR,OOH,DOJI,SWR,TR,612.75,606.1,608.0,612.75,606.1,606.3
2023-10-30,BEAR,TR,OOL,HUGE OPEN,WBR,TR,609.15,602.65,606.6,609.15,602.65,604.5
2023-10-31,TR,BEAR,OIM,NORMAL,SWR,TR,609.55,600.2,606.5,609.55,600.2,602.75
2023-11-01,TR,BEAR,OIM,NORMAL,SWR,TR,607.85,599.0,603.85,607.85,599.0,599.95
2023-11-02,TR,BULL,OIM,NORMAL,SWR,TR,609.05,602.3,603.8,609.05,602.3,605.8
2023-11-03,TR,TR,OOH,NORMAL,WAR,TR,610.3,607.0,608.0,610.3,607.0,607.8
2023-11-06,BULL,TR,OOH,NORMAL,WAR,TR,613.9,609.5,609.9,613.9,609.5,611.25
2023-11-07,TR,TR,OIM,NORMAL,SWR,TR,613.9,610.15,612.0,613.9,610.15,610.3
2023-11-08,BULL,TR,OIM,DOJI,SWR,TR,615.55,611.0,612.0,615.55,611.0,613.4
2023-11-09,BULL,TR,OIM,DOJI,WAR,TR,617.2,613.4,614.0,617.2,613.4,614.5
2023-11-10,BULL,BEAR,OOL,HUGE OPEN,WAR,TR,619.6,608.1,614.25,619.6,608.1,609.8
2023-11-12,TR,TR,OOL,NORMAL,WBR,TR,610.0,607.0,609.5,610.0,607.0,607.9
2023-11-13,TR,TR,OBR,HUGE OPEN,SBR,TR,606.5,598.25,605.0,606.5,598.25,606.0
2023-11-15,BEAR,TR,OAR,NORMAL,SAR,TR,611.0,606.1,607.2,611.0,606.1,607.5
2023-11-16,BEAR,BULL,OIM,DOJI,WBR,TR,612.9,604.25,607.85,612.9,604.25,608.6
2023-11-17,TR,BULL,OIM,NORMAL,SWR,TR,618.8,608.75,609.3,618.8,608.75,613.7
2023-11-20,TR,TR,OIM,NORMAL,SWR,TR,615.8,609.95,614.65,615.8,609.95,612.1
2023-11-21,TR,TR,OIM,DOJI,SWR,TR,615.7,610.0,613.0,615.7,610.0,610.6
2023-11-22,TR,TR,OOL,NORMAL,SWR,TR,613.15,607.7,611.0,613.15,607.7,607.8
2023-11-23,TR,TR,OOL,DOJI,SWR,TR,628.0,608.0,609.25,628.0,608.0,623.1
2023-11-24,BULL,BULL,OIM,NORMAL,WAR,BULL,682.0,620.55,620.95,682.0,620.55,677.7
2023-11-28,TR,TR,OOH,NORMAL,WAR,BULL,694.5,671.1,681.0,694.5,671.1,672.15
2023-11-29,BEAR,BULL,OOL,DOJI,SWR,TR,692.0,672.05,677.0,692.0,672.05,678.9
2023-11-30,BULL,BEAR,OIM,HUGE OPEN,WAR,TR,699.0,677.0,682.0,699.0,677.0,678.9
2023-12-01,BEAR,BEAR,OIM,DOJI,SWR,TR,687.4,667.15,685.0,687.4,667.15,669.0
2023-12-04,BULL,BULL,OIM,NORMAL,WAR,BEAR,727.7,680.0,680.0,727.7,680.0,717.05
2023-12-05,TR,BEAR,OOH,NORMAL,SWR,BULL,726.9,702.6,720.0,726.9,702.6,713.05
2023-12-06,BULL,BULL,OOH,HUGE OPEN,WAR,TR,750.8,714.0,719.95,750.8,714.0,747.0
2023-12-07,BEAR,BULL,OOH,NORMAL,SWR,BULL,800.0,736.9,747.9,800.0,736.9,785.15
2023-12-08,BEAR,BEAR,OOH,NORMAL,SWR,BULL,803.4,770.0,790.0,803.4,770.0,772.8
2023-12-11,TR,BEAR,OOL,NORMAL,SWR,BEAR,783.65,768.0,775.0,783.65,768.0,769.65
2023-12-12,TR,BULL,OOL,HUGE OPEN,SWR,TR,799.0,770.0,770.0,799.0,770.0,795.0
2023-12-13,BULL,TR,OOH,NORMAL,WAR,BULL,810.75,795.5,795.5,810.75,795.5,804.15
2023-12-14,BEAR,TR,OAR,DOJI,SWR,TR,820.0,807.2,811.0,820.0,807.2,813.0
2023-12-15,BEAR,TR,OIM,HUGE OPEN,WBR,TR,818.9,792.0,816.0,818.9,792.0,794.5
2023-12-18,TR,TR,OOL,NORMAL,SWR,BEAR,810.9,793.45,798.0,810.9,793.45,800.5
2023-12-19,BEAR,BEAR,OIM,NORMAL,SWR,TR,806.7,792.0,803.25,806.7,792.0,794.65
2023-12-20,TR,BEAR,OIM,NORMAL,WAR,BEAR,809.5,755.1,798.0,809.5,755.1,763.0
2023-12-21,BULL,BULL,OBR,DOJI,SWR,BEAR,768.85,746.3,752.85,768.85,746.3,766.8
2023-12-22,TR,BEAR,OAR,HUGE OPEN,SAR,BULL,821.0,788.85,807.0,821.0,788.85,792.2
2023-12-26,BEAR,TR,OOL,DOJI,WBR,BEAR,798.6,780.0,795.0,798.6,780.0,782.05
2023-12-27,BULL,BULL,OOL,NORMAL,SWR,BEAR,825.95,784.05,785.0,825.95,784.05,819.95
2023-12-28,BEAR,BULL,OOH,DOJI,SWR,BULL,836.75,806.6,822.0,836.75,806.6,830.05
2023-12-29,BULL,BEAR,OIM,NORMAL,WAR,TR,843.9,822.6,827.55,843.9,822.6,828.55
2024-01-01,BULL,BULL,OIM,NORMAL,WAR,TR,864.0,831.0,831.5,864.0,831.0,857.35
2024-01-02,TR,BEAR,OIM,DOJI,SWR,BULL,856.9,836.0,853.8,856.9,836.0,838.0
2024-01-03,BULL,BEAR,OOL,NORMAL,SWR,BEAR,853.3,836.1,837.7,853.3,836.1,838.2
2024-01-04,BULL,TR,OOL,NORMAL,SWR,TR,845.9,833.0,837.0,845.9,833.0,835.1
2024-01-05,BULL,TR,OOL,HUGE OPEN,WAR,TR,860.95,836.6,836.6,860.95,836.6,845.0
2024-01-08,BEAR,BEAR,OIM,DOJI,SWR,TR,848.9,819.3,845.0,848.9,819.3,823.5
2024-01-09,TR,TR,OIM,NORMAL,SWR,BEAR,837.85,828.5,829.1,837.85,828.5,835.0
2024-01-10,BULL,TR,OIM,HUGE OPEN,WAR,BULL,850.95,835.0,835.0,850.95,835.0,837.5
2024-01-11,TR,TR,OIM,NORMAL,SWR,TR,850.0,831.0,841.0,850.0,831.0,833.5
2024-01-12,BULL,TR,OBR,NORMAL,SWR,TR,838.0,827.0,830.0,838.0,827.0,828.0
2024-01-15,TR,TR,OAR,HUGE OPEN,SAR,TR,862.4,841.95,847.0,862.4,841.95,854.9
2024-01-16,BEAR,BULL,OIM,NORMAL,SWR,TR,900.0,850.0,856.0,900.0,850.0,893.55
2024-01-17,BULL,TR,OIM,NORMAL,SWR,BULL,918.45,874.0,879.8,918.45,874.0,888.0
2024-01-18,BEAR,BULL,OIM,NORMAL,SWR,TR,907.0,867.05,890.0,907.0,867.05,900.0
2024-01-19,BEAR,TR,OAR,NORMAL,SWR,TR,915.0,898.0,909.0,915.0,898.0,901.85
2024-01-20,BULL,BULL,OIM,HUGE OPEN,WAR,TR,948.45,906.2,908.0,948.45,906.2,941.5
2024-01-23,BEAR,BEAR,OOH,DOJI,SWR,BULL,950.05,869.2,943.95,950.05,869.2,874.0
2024-01-24,BULL,BULL,OOL,DOJI,WBR,BEAR,924.0,866.0,878.2,924.0,866.0,916.7
2024-01-25,TR,BEAR,OOH,NORMAL,SWR,BULL,923.9,899.1,915.0,923.9,899.1,906.5
2024-01-29,BULL,TR,OIM,DOJI,SWR,TR,931.9,903.6,910.5,931.9,903.6,915.0
2024-01-30,BULL,BEAR,OIM,DOJI,WAR,TR,955.0,917.55,922.5,955.0,917.55,933.0
2024-01-31,BULL,TR,OIM,NORMAL,SWR,TR,971.9,936.75,938.15,971.9,936.75,950.0
2024-02-01,TR,BEAR,OIM,NORMAL,SWR,TR,964.0,926.0,956.9,964.0,926.0,936.95
2024-02-02,TR,TR,OIM,NORMAL,SWR,BEAR,955.15,937.0,942.6,955.15,937.0,947.0
2024-02-05,BULL,BULL,OAR,HUGE OPEN,SAR,TR,1028.0,955.0,958.45,1028.0,955.0,995.75
2024-02-06,TR,BULL,OOH,NORMAL,SWR,TR,1033.0,990.25,1015.7,1033.0,990.25,1023.45
2024-02-07,BEAR,BULL,OOH,NORMAL,WAR,TR,1050.0,1014.1,1030.5,1050.0,1014.1,1050.0
2024-02-08,BEAR,BULL,OAR,HUGE OPEN,SAR,BULL,1145.0,1071.0,1073.9,1145.0,1071.0,1110.1
2024-02-09,BEAR,BEAR,OAR,DOJI,SWR,TR,1175.0,1067.0,1152.0,1175.0,1067.0,1083.05
2024-02-12,BEAR,BEAR,OIM,DOJI,SWR,BEAR,1125.0,1010.1,1112.05,1125.0,1010.1,1024.9
2024-02-13,BEAR,TR,OOL,DOJI,WBR,BEAR,1043.3,979.95,1027.5,1043.3,979.95,1014.0
2024-02-14,TR,BULL,OOL,NORMAL,SWR,TR,1078.5,990.0,998.8,1078.5,990.0,1077.0
2024-02-15,BEAR,BEAR,OAR,DOJI,SWR,BULL,1086.9,1049.05,1082.0,1086.9,1049.05,1060.95
2024-02-16,BEAR,TR,OIM,DOJI,WBR,BEAR,1067.55,1030.1,1061.9,1067.55,1030.1,1039.7
2024-02-19,BEAR,BEAR,OAR,DOJI,SWR,BEAR,1092.0,1050.0,1080.0,1092.0,1050.0,1054.1
2024-02-20,BEAR,TR,OOL,NORMAL,WBR,BEAR,1056.4,1036.05,1055.0,1056.4,1036.05,1040.0
2024-02-21,TR,BEAR,OIM,DOJI,SWR,BEAR,1054.75,1027.7,1044.0,1054.75,1027.7,1041.95
2024-02-22,TR,BULL,OIM,DOJI,SWR,TR,1070.0,1032.05,1041.4,1070.0,1032.05,1060.75
2024-02-23,TR,BULL,OOH,NORMAL,SWR,BULL,1082.0,1048.05,1063.0,1082.0,1048.05,1066.8
2024-02-26,BEAR,BEAR,OIM,NORMAL,SWR,TR,1075.7,1036.4,1066.5,1075.7,1036.4,1041.5
2024-02-27,TR,TR,OOL,NORMAL,SWR,BEAR,1068.0,1037.1,1044.0,1068.0,1037.1,1042.0
2024-02-28,BEAR,BEAR,OOL,DOJI,SWR,TR,1052.9,1003.8,1046.2,1052.9,1003.8,1007.4
2024-02-29,TR,BULL,OOL,DOJI,WBR,BEAR,1027.0,997.1,1012.0,1027.0,997.1,1025.25
2024-03-01,TR,TR,OAR,DOJI,SAR,TR,1040.95,1025.1,1027.2,1040.95,1025.1,1029.9
2024-03-02,TR,TR,OIM,NORMAL,SWR,TR,1039.95,1028.65,1031.3,1039.95,1028.65,1034.95
2024-03-04,BEAR,BULL,OOH,HUGE OPEN,WBR,TR,1049.0,1021.2,1037.0,1049.0,1021.2,1034.0
2024-03-05,BULL,BEAR,OIM,DOJI,SWR,TR,1045.85,1023.9,1037.4,1045.85,1023.9,1028.4
2024-03-06,BEAR,BEAR,OOL,NORMAL,WBR,TR,1034.95,998.25,1030.0,1034.95,998.25,1011.5
2024-03-07,TR,BULL,OIM,NORMAL,SWR,TR,1034.0,1007.0,1012.0,1034.0,1007.0,1026.8
2024-03-11,TR,BEAR,OAR,NORMAL,SAR,BULL,1045.0,1006.05,1035.0,1045.0,1006.05,1012.5
2024-03-12,BEAR,BEAR,OOL,NORMAL,WBR,BEAR,1018.9,980.55,1016.9,1018.9,980.55,988.0
2024-03-13,BEAR,BEAR,OOL,DOJI,WBR,BEAR,994.95,900.0,990.45,994.95,900.0,909.75
2024-03-14,BULL,BULL,OOL,DOJI,SWR,BEAR,962.35,901.05,910.0,962.35,901.05,961.0
2024-03-15,BEAR,BEAR,OOH,DOJI,WAR,BULL,969.7,918.95,957.0,969.7,918.95,926.0
2024-03-18,TR,BEAR,OBR,NORMAL,SWR,BEAR,934.0,902.0,916.5,934.0,902.0,904.4
2024-03-19,BULL,BEAR,OOL,DOJI,SWR,TR,918.75,875.65,905.0,918.75,875.65,879.85
2024-03-20,BEAR,BEAR,OOL,NORMAL,SWR,BEAR,894.8,865.0,885.9,894.8,865.0,868.0
2024-03-21,BULL,BULL,OIM,DOJI,SWR,BEAR,909.55,877.5,882.0,909.55,877.5,901.95
2024-03-22,BEAR,BULL,OOH,DOJI,SWR,BULL,909.0,888.5,905.0,909.0,888.5,905.95
2024-03-26,BEAR,TR,OAR,DOJI,SWR,TR,918.0,892.2,909.1,918.0,892.2,897.0
2024-03-27,TR,BEAR,OIM,DOJI,SWR,BEAR,913.0,888.95,900.95,913.0,888.95,893.05
2024-03-28,BULL,BULL,OIM,NORMAL,SWR,TR,928.0,901.75,902.65,928.0,901.75,917.0
2024-04-01,TR,BULL,OOH,NORMAL,WAR,TR,984.45,924.0,925.0,984.45,924.0,971.95
2024-04-02,BULL,BULL,OOH,NORMAL,WAR,BULL,1001.8,961.3,972.65,1001.8,961.3,996.5
2024-04-03,BULL,BEAR,OOH,DOJI,WAR,BULL,1016.0,990.0,995.0,1016.0,990.0,999.0
2024-04-04,TR,BULL,OIM,NORMAL,SWR,TR,1016.35,991.95,1003.8,1016.35,991.95,1007.0
2024-04-05,BEAR,TR,OIM,DOJI,SWR,TR,1011.6,990.05,1006.0,1011.6,990.05,992.0
2024-04-08,TR,TR,OIM,DOJI,SWR,BEAR,1007.0,993.05,998.0,1007.0,993.05,995.55
2024-04-09,BULL,BEAR,OIM,HUGE OPEN,WAR,TR,1014.9,974.3,997.3,1014.9,974.3,976.1
2024-04-10,TR,BEAR,OOL,DOJI,SWR,BEAR,989.8,974.0,982.8,989.8,974.0,977.5
2024-04-12,TR,BEAR,OOL,DOJI,SWR,TR,981.95,968.0,976.0,981.95,968.0,972.5
2024-04-15,BEAR,BULL,OBR,HUGE OPEN,SBR,TR,974.0,932.05,956.05,974.0,932.05,964.0
2024-04-16,BULL,TR,OIM,DOJI,SWR,TR,984.3,944.4,954.95,984.3,944.4,976.05
2024-04-18,BEAR,BEAR,OOH,NORMAL,WAR,BULL,986.0,958.0,980.05,986.0,958.0,963.45
2024-04-19,BULL,TR,OBR,DOJI,SWR,BEAR,977.0,948.65,952.85,977.0,948.65,972.65
2024-04-22,BEAR,TR,OAR,DOJI,SAR,BULL,983.8,972.0,978.6,983.8,972.0,976.9
2024-04-23,BULL,BEAR,OIM,HUGE OPEN,WAR,TR,1008.7,977.0,979.45,1008.7,977.0,985.7
2024-04-24,BULL,BEAR,OIM,NORMAL,WAR,TR,1010.0,988.45,991.95,1010.0,988.45,993.0
2024-04-25,TR,TR,OIM,NORMAL,WBR,TR,995.2,979.45,995.0,995.2,979.45,985.4
2024-04-26,TR,TR,OIM,DOJI,SWR,TR,1005.5,982.0,989.0,1005.5,982.0,988.0
2024-04-29,BEAR,TR,OIM,NORMAL,SWR,TR,994.0,977.6,994.0,994.0,977.6,981.15
2024-04-30,TR,BEAR,OIM,DOJI,SWR,BEAR,991.0,975.55,985.15,991.0,975.55,980.1
2024-05-02,BULL,TR,OIM,HUGE OPEN,WAR,TR,1009.8,980.7,982.9,1009.8,980.7,999.25
2024-05-03,BEAR,BEAR,OOH,NORMAL,SWR,TR,1004.0,970.55,1003.8,1004.0,970.55,979.05
2024-05-06,BEAR,BEAR,OIM,DOJI,WBR,BEAR,984.9,929.65,982.8,984.9,929.65,935.95
2024-05-07,BULL,BEAR,OOL,NORMAL,SWR,BEAR,946.0,912.25,938.0,946.0,912.25,923.45
2024-05-08,BULL,TR,OIM,DOJI,SWR,TR,936.95,920.6,923.0,936.95,920.6,931.5
2024-05-09,BEAR,BEAR,OIM,DOJI,SWR,BULL,934.2,898.7,931.95,934.2,898.7,903.75
2024-05-10,TR,TR,OIM,NORMAL,SWR,BEAR,934.9,902.15,920.0,934.9,902.15,911.3
2024-05-13,BEAR,BEAR,OOL,DOJI,WBR,TR,912.65,888.6,910.9,912.65,888.6,894.0
2024-05-14,BULL,BULL,OIM,NORMAL,SWR,BEAR,936.35,896.0,896.65,936.35,896.0,935.0
2024-05-15,BULL,BULL,OOH,DOJI,WAR,BULL,999.35,932.55,934.0,999.35,932.55,994.1
2024-05-16,BEAR,BEAR,OAR,NORMAL,SWR,BULL,1000.95,967.2,1000.0,1000.95,967.2,972.2
2024-05-17,BEAR,TR,OOL,DOJI,SWR,BEAR,979.0,965.2,974.7,979.0,965.2,970.3
2024-05-18,TR,TR,OIM,NORMAL,WAR,TR,980.1,970.95,974.65,980.1,970.95,974.0
2024-05-21,BULL,BULL,OIM,DOJI,WAR,TR,1033.8,975.0,977.05,1033.8,975.0,1024.0
2024-05-22,TR,BULL,OOH,NORMAL,WAR,BULL,1066.75,1031.0,1031.0,1066.75,1031.0,1052.5
2024-05-23,BEAR,BEAR,OIM,NORMAL,SWR,TR,1059.0,1028.5,1056.0,1059.0,1028.5,1029.45
2024-05-24,BEAR,BULL,OOL,NORMAL,WBR,BEAR,1052.3,1013.35,1033.0,1052.3,1013.35,1028.0
2024-05-27,BEAR,TR,OIM,DOJI,SWR,TR,1054.0,1024.05,1035.0,1054.0,1024.05,1037.7
2024-05-28,BEAR,BEAR,OAR,DOJI,SWR,TR,1062.45,1011.65,1054.7,1062.45,1011.65,1014.95
2024-05-29,BULL,BEAR,OBR,NORMAL,SWR,BEAR,1024.4,993.0,1010.0,1024.4,993.0,995.5
2024-05-30,BULL,BEAR,OOL,NORMAL,SWR,BEAR,1008.0,989.0,996.5,1008.0,989.0,992.5
2024-05-31,TR,BULL,OIM,DOJI,SWR,TR,1018.0,992.75,997.95,1018.0,992.75,1012.0
2024-06-03,BEAR,BULL,OAR,HUGE OPEN,SAR,BULL,1078.8,1032.25,1058.35,1078.8,1032.25,1066.45
2024-06-04,BEAR,BEAR,OIM,HUGE OPEN,WBR,TR,1052.0,880.05,1052.0,1052.0,880.05,934.0
2024-06-05,BEAR,BULL,OIM,NORMAL,SWR,BEAR,948.0,901.0,946.0,948.0,901.0,938.95
2024-06-06,BULL,BEAR,OAR,NORMAL,SAR,TR,993.85,954.4,954.8,993.85,954.4,985.0
2024-06-07,BULL,TR,OOH,NORMAL,SWR,BULL,997.75,976.45,983.0,997.75,976.45,996.0
2024-06-10,TR,TR,OAR,NORMAL,SWR,BULL,1007.95,992.0,1001.0,1007.95,992.0,997.05
2024-06-11,TR,BULL,OIM,DOJI,SWR,TR,1020.95,992.1,999.0,1020.95,992.1,1006.5
2024-06-12,TR,BEAR,OIM,NORMAL,SWR,TR,1016.8,996.05,1010.0,1016.8,996.05,999.35
2024-06-13,BEAR,TR,OIM,DOJI,SWR,BEAR,1013.45,995.5,1004.0,1013.45,995.5,1003.5
2024-06-14,TR,BULL,OIM,NORMAL,SWR,TR,1071.7,1002.45,1005.8,1071.7,1002.45,1061.85
2024-06-18,BEAR,BEAR,OOH,NORMAL,WAR,BULL,1085.0,1051.4,1066.85,1085.0,1051.4,1057.0
2024-06-19,BEAR,TR,OOL,HUGE OPEN,WBR,TR,1063.85,1023.45,1061.0,1063.85,1023.45,1032.75
2024-06-20,TR,TR,OOL,NORMAL,SWR,BEAR,1041.0,1025.0,1033.45,1041.0,1025.0,1029.5
2024-06-21,BEAR,BEAR,OIM,NORMAL,SWR,TR,1045.8,1015.05,1031.4,1045.8,1015.05,1025.0
2024-06-24,BEAR,BULL,OOL,NORMAL,WBR,TR,1028.3,1005.0,1018.75,1028.3,1005.0,1015.95
2024-06-25,TR,BEAR,OOH,NORMAL,SWR,TR,1023.25,1005.75,1023.0,1023.25,1005.75,1008.0
2024-06-26,TR,BEAR,OOL,NORMAL,SWR,BEAR,1023.8,999.2,1008.0,1023.8,999.2,1001.0
2024-06-27,BEAR,TR,OOL,DOJI,WBR,TR,1017.4,988.05,1003.55,1017.4,988.05,993.0
2024-06-28,TR,BEAR,OIM,NORMAL,SWR,TR,1014.0,985.2,998.0,1014.0,985.2,992.0
2024-07-01,TR,TR,OIM,DOJI,SWR,TR,1006.1,990.1,995.0,1006.1,990.1,996.0
2024-07-02,BEAR,TR,OIM,DOJI,SWR,TR,999.7,982.2,998.0,999.7,982.2,986.0
2024-07-03,TR,TR,OOL,NORMAL,SWR,BEAR,993.4,985.45,985.45,993.4,985.45,988.95
2024-07-04,TR,BULL,OIM,HUGE OPEN,WAR,TR,1024.5,991.0,991.0,1024.5,991.0,1012.0
2024-07-05,BULL,TR,OIM,DOJI,SWR,TR,1024.2,1003.8,1010.2,1024.2,1003.8,1014.9
2024-07-08,BEAR,BULL,OIM,NORMAL,SWR,TR,1026.4,999.1,1017.0,1026.4,999.1,1012.0
2024-07-09,TR,BULL,OIM,DOJI,SWR,TR,1042.0,1008.2,1014.5,1042.0,1008.2,1033.0
2024-07-10,BEAR,BULL,OOH,DOJI,SWR,BULL,1062.0,1016.0,1032.95,1062.0,1016.0,1047.8
2024-07-11,BULL,BULL,OOH,NORMAL,SWR,TR,1062.9,1039.2,1052.95,1062.9,1039.2,1056.55
2024-07-12,TR,TR,OAR,NORMAL,SWR,TR,1065.95,1045.6,1065.0,1065.95,1045.6,1050.0
2024-07-15,BEAR,BULL,OIM,HUGE OPEN,WBR,BEAR,1067.0,1038.6,1055.0,1067.0,1038.6,1058.3
2024-07-16,BULL,BULL,OOH,HUGE OPEN,WAR,TR,1117.8,1058.2,1065.0,1117.8,1058.2,1105.55
2024-07-18,BULL,BULL,OOH,NORMAL,WAR,BULL,1130.0,1088.3,1109.0,1130.0,1088.3,1106.65
2024-07-19,BEAR,BULL,OIM,NORMAL,SWR,TR,1118.7,1063.35,1106.0,1118.7,1063.35,1107.0
2024-07-22,TR,BEAR,OIM,NORMAL,WAR,TR,1146.4,1090.0,1100.0,1146.4,1090.0,1121.0
2024-07-23,BULL,BEAR,OOH,DOJI,SWR,TR,1143.7,1044.5,1130.45,1143.7,1044.5,1085.0
2024-07-24,BULL,BULL,OIM,NORMAL,SWR,TR,1170.0,1088.15,1090.0,1170.0,1088.15,1154.55
2024-07-25,BULL,BEAR,OIM,DOJI,SWR,BULL,1173.0,1130.0,1140.0,1173.0,1130.0,1159.0
2024-07-26,BEAR,BULL,OOH,NORMAL,SWR,TR,1197.0,1151.05,1165.0,1197.0,1151.05,1190.0
2024-07-29,BEAR,TR,OOH,NORMAL,SWR,BULL,1197.0,1165.3,1194.65,1197.0,1165.3,1180.1
2024-07-30,BEAR,BULL,OOL,NORMAL,SWR,TR,1192.45,1163.8,1173.6,1192.45,1163.8,1187.0
2024-07-31,BEAR,TR,OOH,DOJI,SWR,BULL,1193.5,1168.85,1188.1,1193.5,1168.85,1177.0
2024-08-01,BULL,BEAR,OIM,NORMAL,WAR,BEAR,1222.0,1176.05,1183.15,1222.0,1176.05,1179.4
2024-08-02,BEAR,TR,OBR,NORMAL,SWR,TR,1191.0,1160.0,1172.05,1191.0,1160.0,1183.0
2024-08-05,TR,BEAR,OBR,HUGE OPEN,SBR,TR,1154.0,1087.0,1154.0,1154.0,1087.0,1109.0
2024-08-06,BEAR,BEAR,OIM,NORMAL,SWR,BEAR,1136.9,1076.2,1120.0,1136.9,1076.2,1084.8
2024-08-07,TR,BULL,OIM,NORMAL,SWR,BEAR,1127.8,1084.75,1115.0,1127.8,1084.75,1124.0
2024-08-08,TR,TR,OOH,NORMAL,WAR,TR,1148.4,1118.9,1126.0,1148.4,1118.9,1124.0
2024-08-09,BEAR,BEAR,OAR,DOJI,SWR,TR,1160.0,1128.95,1155.0,1160.0,1128.95,1136.6
2024-08-12,BEAR,BEAR,OBR,HUGE OPEN,SBR,BEAR,1130.3,1071.1,1125.0,1130.3,1071.1,1077.0
2024-08-13,BEAR,BEAR,OOL,NORMAL,WBR,BEAR,1089.9,1020.1,1086.0,1089.9,1020.1,1033.0
2024-08-14,BEAR,BULL,OIM,NORMAL,WBR,BEAR,1044.0,1003.75,1042.5,1044.0,1003.75,1034.8
2024-08-16,TR,BULL,OOH,NORMAL,WAR,TR,1065.0,1037.3,1040.0,1065.0,1037.3,1058.5
2024-08-19,BULL,BULL,OOH,DOJI,WAR,BULL,1075.0,1056.65,1059.65,1075.0,1056.65,1071.0
2024-08-20,TR,TR,OOH,DOJI,WAR,BULL,1082.0,1065.55,1074.95,1082.0,1065.55,1068.0
2024-08-21,TR,BULL,OOL,DOJI,SWR,TR,1086.75,1065.0,1069.9,1086.75,1065.0,1081.75
2024-08-22,BEAR,TR,OAR,NORMAL,SWR,BULL,1092.0,1072.5,1092.0,1092.0,1072.5,1076.9
2024-08-23,BEAR,TR,OIM,NORMAL,WBR,BEAR,1080.3,1059.0,1080.3,1080.3,1059.0,1061.0
2024-08-26,BULL,BEAR,OOL,NORMAL,SWR,BEAR,1073.75,1049.7,1065.0,1073.75,1049.7,1051.35
2024-08-27,BEAR,BULL,OIM,NORMAL,WBR,BEAR,1090.0,1045.0,1061.9,1090.0,1045.0,1080.15
2024-08-28,BEAR,BULL,OOH,DOJI,SWR,TR,1095.0,1073.0,1080.45,1095.0,1073.0,1083.0
2024-08-29,BEAR,BEAR,OIM,NORMAL,SWR,TR,1088.0,1061.0,1088.0,1088.0,1061.0,1071.9
2024-08-30,BEAR,TR,OIM,NORMAL,SWR,TR,1078.5,1061.0,1070.0,1078.5,1061.0,1061.0
2024-09-02,TR,TR,OOL,DOJI,SWR,BEAR,1070.25,1055.75,1065.5,1070.25,1055.75,1058.75
2024-09-03,TR,TR,OIM,NORMAL,SWR,BEAR,1068.8,1054.45,1064.0,1068.8,1054.45,1062.15
2024-09-04,TR,TR,OOL,DOJI,SWR,TR,1069.9,1050.6,1055.1,1069.9,1050.6,1064.0
2024-09-05,TR,TR,OIM,NORMAL,WAR,BULL,1079.95,1058.3,1064.0,1079.95,1058.3,1068.0
2024-09-06,TR,BEAR,OIM,NORMAL,SWR,TR,1072.0,1035.0,1065.0,1072.0,1035.0,1040.0
2024-09-09,BEAR,TR,OOL,DOJI,WBR,BEAR,1044.9,1020.0,1038.9,1044.9,1020.0,1035.0
2024-09-10,TR,TR,OIM,NORMAL,SWR,TR,1045.0,1030.0,1034.0,1045.0,1030.0,1034.0
2024-09-11,TR,BEAR,OOL,DOJI,WBR,TR,1036.85,1004.85,1033.0,1036.85,1004.85,1013.0
2024-09-12,BULL,TR,OIM,NORMAL,SWR,BEAR,1034.9,1018.95,1019.9,1034.9,1018.95,1034.0
2024-09-13,BULL,TR,OAR,DOJI,SWR,BULL,1046.0,1028.7,1035.0,1046.0,1028.7,1034.0
2024-09-16,TR,BEAR,OIM,NORMAL,SWR,TR,1041.65,1026.05,1039.0,1041.65,1026.05,1028.5
2024-09-17,BEAR,TR,OOL,NORMAL,WBR,BEAR,1029.95,1020.0,1029.95,1029.95,1020.0,1020.1
2024-09-18,BULL,TR,OOL,NORMAL,SWR,TR,1034.45,1016.0,1021.0,1034.45,1016.0,1018.4
2024-09-19,TR,BEAR,OIM,NORMAL,SWR,TR,1029.55,991.0,1023.0,1029.55,991.0,1000.7
2024-09-20,TR,TR,OIM,NORMAL,SWR,BEAR,1024.45,1002.5,1008.0,1024.45,1002.5,1014.0
2024-09-23,BULL,TR,OIM,DOJI,WAR,TR,1037.45,1012.15,1012.95,1037.45,1012.15,1033.0
2024-09-24,BULL,BEAR,OOH,DOJI,WAR,BULL,1043.45,1025.25,1032.85,1043.45,1025.25,1027.45
2024-09-25,TR,BEAR,OOL,NORMAL,SWR,TR,1032.45,1013.1,1026.95,1032.45,1013.1,1021.9
2024-09-26,BEAR,BULL,OIM,NORMAL,WBR,TR,1048.9,1010.5,1024.0,1048.9,1010.5,1028.0
2024-09-27,BEAR,TR,OIM,NORMAL,SWR,TR,1033.2,1020.4,1033.2,1033.2,1020.4,1025.1
2024-09-30,BEAR,BEAR,OOL,NORMAL,WBR,TR,1022.0,1003.1,1022.0,1022.0,1003.1,1007.9
2024-10-01,TR,BEAR,OOL,NORMAL,SWR,BEAR,1012.4,999.0,1008.35,1012.4,999.0,1000.6
2024-10-03,TR,BEAR,OBR,DOJI,SBR,BEAR,994.85,964.25,990.0,994.85,964.25,968.95
2024-10-04,TR,BULL,OOL,DOJI,WBR,BEAR,982.8,955.7,973.0,982.8,955.7,970.0
2024-10-07,BEAR,BEAR,OIM,NORMAL,SWR,TR,977.0,924.15,971.0,977.0,924.15,930.85
2024-10-08,BEAR,BULL,OOL,DOJI,SWR,BEAR,967.45,923.1,931.0,967.45,923.1,962.8
2024-10-09,TR,TR,OAR,DOJI,SAR,BULL,977.25,964.0,971.0,977.25,964.0,971.0
2024-10-10,TR,BEAR,OOH,NORMAL,SWR,TR,979.2,962.05,974.0,979.2,962.05,965.9
2024-10-11,TR,BEAR,OIM,DOJI,SWR,BEAR,971.9,947.25,967.45,971.9,947.25,951.0
2024-10-14,TR,TR,OIM,DOJI,SWR,BEAR,965.95,954.75,958.3,965.95,954.75,961.6
2024-10-15,TR,BEAR,OOH,NORMAL,SWR,TR,965.0,943.3,963.0,965.0,943.3,948.0
2024-10-16,BULL,TR,OOL,DOJI,SWR,BEAR,955.0,941.25,947.85,955.0,941.25,944.0
2024-10-17,BEAR,BEAR,OOL,DOJI,SWR,TR,949.9,931.0,942.95,949.9,931.0,934.9
2024-10-18,BULL,TR,OBR,NORMAL,SWR,TR,941.95,925.3,930.0,941.95,925.3,936.0
2024-10-21,BEAR,BEAR,OAR,DOJI,SWR,TR,952.9,922.1,945.0,952.9,922.1,922.9
2024-10-22,BEAR,TR,OOL,NORMAL,WBR,BEAR,933.3,909.25,926.0,933.3,909.25,915.45
2024-10-23,BEAR,BULL,OIM,NORMAL,WBR,TR,924.9,895.15,919.85,924.9,895.15,908.35
2024-10-24,TR,TR,OIM,NORMAL,SWR,TR,924.0,906.0,906.0,924.0,906.0,915.0
2024-10-25,BEAR,TR,OOL,NORMAL,WBR,TR,918.0,888.3,910.1,918.0,888.3,904.0
2024-10-28,BEAR,BULL,OOH,NORMAL,SWR,TR,923.65,896.65,909.35,923.65,896.65,915.5
2024-10-29,TR,BULL,OOH,NORMAL,SWR,TR,937.15,915.8,920.1,937.15,915.8,934.0
2024-10-30,BULL,BEAR,OAR,NORMAL,SWR,BULL,947.45,930.05,937.85,947.45,930.05,935.0
2024-10-31,TR,BEAR,OOL,NORMAL,SWR,TR,939.5,920.0,933.0,939.5,920.0,923.4
2024-11-01,TR,TR,OIM,NORMAL,SWR,BEAR,932.0,925.3,926.9,932.0,925.3,930.7
2024-11-04,BEAR,TR,OAR,HUGE OPEN,WBR,TR,936.4,911.25,934.0,936.4,911.25,923.1
2024-11-05,TR,TR,OIM,DOJI,SWR,TR,930.35,915.8,925.0,930.35,915.8,928.8
2024-11-06,BULL,BULL,OOH,HUGE OPEN,WAR,TR,947.8,924.15,930.0,947.8,924.15,946.0
2024-11-07,BULL,BEAR,OOH,DOJI,WAR,BULL,954.0,927.15,945.0,954.0,927.15,927.9
2024-11-08,TR,BEAR,OOL,DOJI,WBR,BEAR,934.85,911.9,931.0,934.85,911.9,915.55
2024-11-11,BULL,BEAR,OIM,DOJI,WBR,BEAR,933.7,909.0,920.0,933.7,909.0,920.0
2024-11-12,TR,BEAR,OOH,NORMAL,WAR,TR,958.0,918.0,930.5,958.0,918.0,921.25
2024-11-13,BEAR,TR,OOL,NORMAL,WBR,TR,924.9,890.05,922.0,924.9,890.05,900.25
2024-11-14,BEAR,BULL,OIM,DOJI,SWR,BEAR,924.5,895.6,905.0,924.5,895.6,907.55
2024-11-18,BEAR,TR,OIM,NORMAL,SWR,TR,916.95,900.0,908.65,916.95,900.0,901.35
2024-11-19,BULL,BEAR,OIM,NORMAL,SWR,TR,916.65,894.0,910.0,916.65,894.0,896.6
2024-11-21,BEAR,BULL,OOL,HUGE OPEN,WBR,BEAR,898.95,872.0,894.0,898.95,872.0,883.75
2024-11-22,TR,TR,OIM,DOJI,SWR,TR,895.0,879.0,884.0,895.0,879.0,892.0
2024-11-25,TR,TR,OAR,DOJI,SAR,BULL,911.75,902.6,905.95,911.75,902.6,904.95
2024-11-26,BULL,TR,OOL,DOJI,WAR,TR,919.8,900.0,905.05,919.8,900.0,904.1
2024-11-27,TR,BULL,OIM,NORMAL,SWR,TR,917.5,906.0,910.0,917.5,906.0,916.6
2024-11-28,BULL,TR,OAR,HUGE OPEN,SAR,BULL,952.5,917.25,920.0,952.5,917.25,940.9
2024-11-29,BULL,BULL,OOH,DOJI,WAR,BULL,992.15,945.0,947.0,992.15,945.0,984.9
2024-12-02,BULL,TR,OOH,NORMAL,SWR,BULL,999.95,974.35,985.0,999.95,974.35,981.9
2024-12-03,BEAR,BEAR,OIM,NORMAL,SWR,TR,995.0,966.2,990.0,995.0,966.2,968.0
2024-12-04,BULL,TR,OOL,NORMAL,SWR,BEAR,982.0,967.6,970.0,982.0,967.6,973.2
2024-12-05,BEAR,BULL,OOH,NORMAL,SWR,TR,981.0,966.25,978.0,981.0,966.25,976.0
2024-12-06,TR,TR,OOH,DOJI,WAR,TR,992.95,975.2,977.9,992.95,975.2,983.0
2024-12-09,TR,TR,OOH,NORMAL,SWR,TR,1007.8,981.85,987.65,1007.8,981.85,985.9
2024-12-10,BEAR,TR,OBR,HUGE OPEN,SBR,TR,979.0,945.5,979.0,979.0,945.5,947.5
2024-12-11,TR,BEAR,OOL,NORMAL,WBR,BEAR,952.0,937.15,948.2,952.0,937.15,937.9
2024-12-12,TR,BEAR,OOL,DOJI,SWR,BEAR,944.0,926.55,939.0,944.0,926.55,928.9
2024-12-13,TR,BULL,OOL,DOJI,WBR,BEAR,934.0,913.55,928.9,934.0,913.55,931.35
2024-12-16,TR,BEAR,OAR,NORMAL,SWR,TR,936.5,923.0,935.0,936.5,923.0,923.9
2024-12-17,TR,BEAR,OIM,DOJI,SWR,BEAR,934.8,918.0,931.4,934.8,918.0,919.0
2024-12-18,TR,BEAR,OOL,NORMAL,WBR,BEAR,924.5,905.0,920.0,924.5,905.0,906.9
2024-12-19,BULL,BULL,OBR,NORMAL,SBR,BEAR,908.0,890.55,895.0,908.0,890.55,906.0
2024-12-20,BULL,TR,OOH,NORMAL,WAR,BULL,914.9,895.35,905.7,914.9,895.35,902.0
2024-12-23,BEAR,BULL,OIM,DOJI,SWR,TR,906.9,892.6,902.5,906.9,892.6,905.1
2024-12-24,BEAR,BEAR,OOH,NORMAL,SWR,TR,904.8,890.0,904.7,904.8,890.0,890.1
2024-12-26,TR,TR,OOL,DOJI,SWR,BEAR,895.0,885.15,890.65,895.0,885.15,892.35
2024-12-27,TR,TR,OOH,HUGE OPEN,WAR,TR,899.9,885.5,893.0,899.9,885.5,888.0
2024-12-30,BEAR,BULL,OIM,NORMAL,WBR,TR,928.9,878.45,891.75,928.9,878.45,912.5
2024-12-31,BEAR,TR,OIM,NORMAL,SWR,TR,903.0,883.1,903.0,903.0,883.1,891.35
2025-01-01,TR,TR,OIM,NORMAL,SWR,TR,898.3,890.0,896.0,898.3,890.0,896.7
2025-01-02,BULL,TR,OOH,DOJI,WAR,TR,904.5,896.05,898.0,904.5,896.05,902.3
2025-01-03,BULL,TR,OOH,NORMAL,WAR,TR,917.9,902.35,904.0,917.9,902.35,906.0
2025-01-06,BEAR,BEAR,OIM,DOJI,WBR,TR,909.9,872.1,908.4,909.9,872.1,877.0
2025-01-07,TR,TR,OOL,NORMAL,WBR,BEAR,885.0,861.15,877.9,885.0,861.15,876.2
2025-01-08,BEAR,TR,OIM,NORMAL,SWR,TR,878.85,867.5,877.0,878.85,867.5,869.05
2025-01-09,TR,BEAR,OIM,DOJI,SWR,BEAR,873.9,839.7,872.0,873.9,839.7,848.5
2025-01-10,TR,TR,OOL,NORMAL,WBR,BEAR,852.0,835.85,845.0,852.0,835.85,838.6
2025-01-13,BULL,BEAR,OBR,NORMAL,SWR,TR,836.85,807.5,830.0,836.85,807.5,808.5
2025-01-14,TR,BULL,OOL,NORMAL,SWR,BEAR,827.75,806.85,815.0,827.75,806.85,827.0
2025-01-15,BEAR,BULL,OAR,NORMAL,SWR,BULL,838.0,818.5,833.0,838.0,818.5,835.5
2025-01-16,BULL,TR,OOH,NORMAL,WAR,TR,856.0,837.2,837.2,856.0,837.2,845.7
2025-01-17,BULL,TR,OIM,DOJI,SWR,TR,858.95,844.55,845.9,858.95,844.55,854.9
2025-01-20,TR,TR,OAR,DOJI,SWR,BULL,865.0,855.0,859.8,865.0,855.0,857.05
2025-01-21,TR,BEAR,OIM,NORMAL,SWR,TR,863.8,835.5,860.0,863.8,835.5,836.0
2025-01-22,BEAR,TR,OOL,NORMAL,WBR,BEAR,843.45,818.7,841.7,843.45,818.7,827.5
2025-01-23,BULL,TR,OIM,DOJI,SWR,TR,840.9,824.5,828.5,840.9,824.5,836.5
2025-01-24,BEAR,BEAR,OOH,NORMAL,SWR,BULL,839.9,820.0,839.5,839.9,820.0,821.6
2025-01-27,BEAR,BEAR,OOL,NORMAL,WBR,BEAR,821.0,807.45,820.6,821.0,807.45,808.65
2025-01-28,BEAR,BULL,OIM,DOJI,WBR,BEAR,825.95,805.0,816.15,825.95,805.0,819.0
2025-01-29,BULL,TR,OOH,NORMAL,WAR,TR,835.55,820.25,824.4,835.55,820.25,828.0
2025-01-30,BULL,BEAR,OIM,DOJI,SWR,TR,836.65,820.1,830.0,836.65,820.1,827.1
2025-01-31,BULL,BULL,OIM,DOJI,WAR,TR,846.45,824.2,827.0,846.45,824.2,845.95
2025-02-01,BULL,BEAR,OOH,NORMAL,WAR,BULL,869.4,824.2,846.0,869.4,824.2,848.0
2025-02-03,TR,TR,OIM,NORMAL,SWR,TR,844.0,820.1,844.0,844.0,820.1,828.7
2025-02-04,TR,TR,OIM,DOJI,SWR,TR,839.45,830.6,835.0,839.45,830.6,833.7
2025-02-05,BULL,TR,OOH,DOJI,WAR,TR,848.8,833.85,837.0,848.8,833.85,841.0
2025-02-06,BEAR,BEAR,OIM,NORMAL,SWR,TR,844.0,826.8,842.65,844.0,826.8,829.1
2025-02-07,BEAR,TR,OIM,HUGE OPEN,WBR,BEAR,835.95,809.15,834.4,835.95,809.15,811.0
2025-02-10,BULL,BEAR,OOL,DOJI,SWR,BEAR,824.8,806.35,814.0,824.8,806.35,807.65
2025-02-11,BEAR,BEAR,OIM,NORMAL,WBR,TR,814.15,790.2,814.0,814.15,790.2,797.2
2025-02-12,BEAR,TR,OIM,NORMAL,WBR,BEAR,801.3,775.8,801.3,801.3,775.8,782.15
2025-02-13,BULL,BEAR,OOL,NORMAL,SWR,BEAR,793.85,780.0,780.0,793.85,780.0,783.0
2025-02-14,BEAR,BEAR,OIM,DOJI,WBR,TR,788.35,755.05,786.0,788.35,755.05,758.0
2025-02-17,TR,BULL,OOL,NORMAL,SWR,BEAR,769.65,744.95,759.1,769.65,744.95,766.55
2025-02-18,TR,TR,OOH,NORMAL,SWR,TR,772.8,756.0,765.15,772.8,756.0,758.4
2025-02-19,BULL,TR,OBR,HUGE OPEN,SWR,TR,771.85,746.15,754.05,771.85,746.15,764.7
2025-02-20,BULL,BULL,OIM,NORMAL,SWR,TR,778.5,762.0,763.45,778.5,762.0,777.75
2025-02-21,BULL,TR,OOH,NORMAL,WAR,BULL,785.7,774.2,776.5,785.7,774.2,780.0
2025-02-24,TR,TR,OOL,DOJI,WBR,TR,780.0,771.05,775.0,780.0,771.05,774.5
2025-02-25,BEAR,BEAR,OOL,HUGE OPEN,WBR,TR,778.15,754.1,771.05,778.15,754.1,754.75
2025-02-27,BEAR,BEAR,OOL,DOJI,WBR,BEAR,759.0,739.4,757.0,759.0,739.4,740.7
2025-02-28,TR,BULL,OBR,NORMAL,SBR,BEAR,743.0,727.55,738.95,743.0,727.55,740.5
2025-03-03,BEAR,TR,OOH,HUGE OPEN,WAR,TR,748.2,715.3,741.0,748.2,715.3,729.85
2025-03-04,BULL,TR,OIM,DOJI,SWR,TR,738.5,723.2,727.55,738.5,723.2,733.5
2025-03-05,BULL,BULL,OOH,NORMAL,WAR,TR,763.0,735.7,735.7,763.0,735.7,762.25
2025-03-06,BEAR,TR,OAR,DOJI,SWR,BULL,770.0,760.05,768.0,770.0,760.05,764.35
2025-03-07,TR,TR,OIM,DOJI,SWR,TR,772.25,758.5,765.0,772.25,758.5,764.0
2025-03-10,TR,BEAR,OIM,DOJI,SWR,TR,768.15,748.0,764.0,768.15,748.0,748.95
2025-03-11,BULL,TR,OBR,DOJI,SWR,BEAR,761.0,742.6,745.1,761.0,742.6,755.4
2025-03-12,BEAR,BEAR,OOH,DOJI,SWR,BULL,761.65,731.4,760.0,761.65,731.4,743.7
2025-03-13,TR,BEAR,OIM,NORMAL,SWR,TR,751.9,734.6,745.0,751.9,734.6,740.5
2025-03-17,BULL,TR,OIM,NORMAL,SWR,TR,748.85,737.7,741.65,748.85,737.7,744.0
2025-03-18,BULL,BULL,OOH,DOJI,WAR,TR,759.0,747.55,748.85,759.0,747.55,757.5
2025-03-19,TR,BULL,OAR,NORMAL,SAR,BULL,780.75,760.2,762.4,780.75,760.2,776.6
2025-03-20,BEAR,TR,OOH,NORMAL,WAR,BULL,782.55,770.0,775.0,782.55,770.0,779.0
2025-03-21,BULL,TR,OAR,NORMAL,SWR,TR,793.95,779.5,784.6,793.95,779.5,789.75
2025-03-24,TR,BULL,OAR,NORMAL,SWR,TR,807.95,789.0,794.8,807.95,789.0,801.6
2025-03-25,TR,BEAR,OOH,NORMAL,SWR,TR,806.3,786.25,806.3,806.3,786.25,787.5
2025-03-26,TR,BEAR,OIM,DOJI,SWR,BEAR,798.35,785.05,793.05,798.35,785.05,786.0
2025-03-27,BULL,BULL,OBR,HUGE OPEN,SWR,BEAR,805.95,780.05,781.0,805.95,780.05,801.55
2025-03-28,BULL,TR,OOH,NORMAL,WAR,BULL,815.45,794.5,799.0,815.45,794.5,798.4
2025-04-01,BULL,TR,OOL,DOJI,SWR,TR,806.0,792.1,795.0,806.0,792.1,798.1
2025-04-02,BEAR,BULL,OIM,NORMAL,WBR,TR,812.4,787.0,798.0,812.4,787.0,810.0
2025-04-03,BULL,TR,OOH,NORMAL,WAR,BULL,819.0,803.7,808.0,819.0,803.7,816.9
2025-04-04,BEAR,BEAR,OOH,HUGE OPEN,SWR,BULL,817.8,786.5,815.35,817.8,786.5,794.0
2025-04-07,BULL,BULL,OBR,NORMAL,SBR,BEAR,772.9,742.8,745.0,772.9,742.8,771.05
2025-04-08,BEAR,BULL,OAR,DOJI,SAR,BULL,786.0,771.1,783.0,786.0,771.1,784.8
2025-04-09,TR,BEAR,OIM,NORMAL,SWR,TR,782.0,767.0,781.05,782.0,767.0,767.0
2025-04-11,BEAR,BEAR,OAR,HUGE OPEN,SWR,BEAR,792.0,768.0,791.0,792.0,768.0,770.9
2025-04-15,BULL,TR,OIM,DOJI,SWR,BEAR,787.35,777.5,779.0,787.35,777.5,786.05
2025-04-16,BULL,TR,OIM,HUGE OPEN,WAR,BULL,799.4,783.5,784.0,799.4,783.5,798.0
2025-04-17,TR,BULL,OAR,NORMAL,SWR,BULL,806.75,792.35,799.95,806.75,792.35,802.0
2025-04-21,BULL,BULL,OOH,NORMAL,WAR,TR,825.9,802.75,804.0,825.9,802.75,818.4
2025-04-22,BULL,TR,OOH,NORMAL,SWR,BULL,827.4,813.65,820.0,827.4,813.65,821.0
2025-04-23,TR,TR,OIM,DOJI,SWR,TR,826.95,809.05,823.0,826.95,809.05,819.6
2025-04-24,TR,BEAR,OIM,NORMAL,SWR,TR,824.5,812.8,816.5,824.5,812.8,814.6
2025-04-25,BEAR,BEAR,OIM,HUGE OPEN,WAR,TR,829.0,787.7,819.0,829.0,787.7,790.35
2025-04-28,BULL,BULL,OOL,DOJI,SWR,BEAR,807.0,787.2,790.0,807.0,787.2,801.0
2025-04-29,TR,BEAR,OOH,NORMAL,WAR,BULL,814.2,798.15,805.0,814.2,798.15,799.65
2025-04-30,TR,TR,OOL,NORMAL,WBR,TR,808.75,790.0,799.95,808.75,790.0,792.3
2025-05-02,BULL,BEAR,OOL,NORMAL,SWR,TR,806.1,790.3,793.75,806.1,790.3,791.9
2025-05-05,TR,BULL,OOL,NORMAL,SWR,TR,820.8,793.2,793.2,820.8,793.2,817.0
2025-05-06,BEAR,BEAR,OOH,NORMAL,SWR,BULL,819.7,782.35,817.45,819.7,782.35,783.0
2025-05-07,TR,TR,OBR,NORMAL,SWR,BEAR,790.55,774.15,775.0,790.55,774.15,786.0
2025-05-08,TR,BEAR,OOH,NORMAL,WAR,BULL,797.85,778.0,788.0,797.85,778.0,779.2
2025-05-09,BULL,TR,OBR,HUGE OPEN,SWR,TR,789.4,760.0,760.0,789.4,760.0,787.95
2025-05-12,BULL,BULL,OAR,NORMAL,SAR,BULL,816.9,801.15,801.75,816.9,801.15,814.95
2025-05-13,BULL,TR,OOH,DOJI,WAR,BULL,832.0,812.95,815.5,832.0,812.95,827.6
2025-05-14,BULL,BEAR,OOH,NORMAL,SWR,BULL,839.7,820.4,826.4,839.7,820.4,823.0
2025-05-15,TR,BULL,OOL,DOJI,SWR,TR,842.4,819.75,822.25,842.4,819.75,840.0
2025-05-16,BULL,BULL,OAR,NORMAL,SAR,BULL,861.8,839.05,843.0,861.8,839.05,855.8
2025-05-19,TR,TR,OOH,NORMAL,SWR,BULL,865.65,853.3,857.0,865.65,853.3,855.7
2025-05-20,BULL,BEAR,OOL,HUGE OPEN,WAR,TR,873.0,847.65,856.0,873.0,847.65,852.15
2025-05-21,TR,TR,OOL,DOJI,SWR,TR,857.8,847.05,850.05,857.8,847.05,853.0
2025-05-22,BEAR,TR,OIM,DOJI,WBR,TR,853.05,840.0,851.0,853.05,840.0,846.3
2025-05-23,BULL,TR,OOH,NORMAL,WAR,TR,862.8,847.0,853.0,862.8,847.0,860.0
2025-05-26,BULL,TR,OAR,NORMAL,SAR,TR,873.7,864.1,865.0,873.7,864.1,870.0
2025-05-27,BEAR,TR,OOH,HUGE OPEN,SWR,TR,873.0,861.5,873.0,873.0,861.5,870.7
2025-05-28,BULL,BULL,OAR,HUGE OPEN,SAR,TR,948.0,888.0,892.0,948.0,888.0,941.0
2025-05-29,BEAR,BULL,OOH,NORMAL,SWR,BULL,954.65,929.0,943.5,954.65,929.0,943.0
2025-05-30,TR,BULL,OIM,NORMAL,SWR,TR,957.8,934.15,941.5,957.8,934.15,952.05
2025-06-02,BULL,BULL,OOH,NORMAL,SWR,TR,966.45,946.4,954.0,966.45,946.4,959.6
2025-06-03,TR,BEAR,OOH,NORMAL,WAR,TR,968.2,950.0,961.0,968.2,950.0,952.5
2025-06-04,BEAR,TR,OOL,DOJI,WBR,BEAR,957.4,946.9,954.6,957.4,946.9,954.0
2025-06-05,TR,TR,OIM,DOJI,SWR,TR,961.45,950.55,953.25,961.45,950.55,955.05
2025-06-06,TR,TR,OIM,NORMAL,SWR,TR,960.95,951.8,955.65,960.95,951.8,959.05
2025-06-09,BEAR,TR,OOH,HUGE OPEN,WAR,TR,973.35,958.65,959.9,973.35,958.65,963.0
2025-06-10,BEAR,BEAR,OIM,NORMAL,SWR,TR,970.95,945.7,963.5,970.95,945.7,947.4
2025-06-11,BEAR,BULL,OOL,NORMAL,SWR,BEAR,968.5,947.75,950.0,968.5,947.75,963.5
2025-06-12,BEAR,BEAR,OOH,NORMAL,SWR,BULL,964.95,942.0,964.8,964.95,942.0,943.0
2025-06-13,BULL,TR,OBR,NORMAL,SBR,BEAR,943.05,921.2,933.0,943.05,921.2,939.35
2025-06-16,TR,BULL,OIM,NORMAL,SWR,TR,951.0,929.5,935.0,951.0,929.5,948.95
2025-06-17,BULL,TR,OOH,DOJI,WAR,BULL,954.0,943.25,946.0,954.0,943.25,943.25
2025-06-18,TR,BEAR,OBR,NORMAL,SWR,TR,949.95,933.0,943.0,949.95,933.0,934.8
2025-06-19,BULL,BEAR,OOL,DOJI,SWR,BEAR,943.7,922.55,934.0,943.7,922.55,926.25
2025-06-20,BULL,BULL,OOL,NORMAL,SWR,TR,942.0,924.15,927.8,942.0,924.15,937.75
2025-06-23,BULL,TR,OOL,NORMAL,SWR,BULL,949.0,927.35,928.0,949.0,927.35,938.2
2025-06-24,TR,TR,OOH,DOJI,SWR,TR,954.9,943.0,948.3,954.9,943.0,947.65
2025-06-25,TR,TR,OIM,NORMAL,SWR,TR,953.9,944.1,946.95,953.9,944.1,951.0
2025-06-26,BULL,TR,OOH,NORMAL,WAR,TR,959.2,946.3,951.1,959.2,946.3,957.5
2025-06-27,TR,TR,OOH,NORMAL,WAR,BULL,962.25,950.5,958.0,962.25,950.5,959.5
2025-06-30,BULL,BULL,OIM,HUGE OPEN,WAR,TR,980.0,957.2,957.7,980.0,957.2,972.95
2025-07-01,BEAR,TR,OOH,NORMAL,SWR,BULL,977.9,962.55,977.0,977.9,962.55,969.0
2025-07-02,TR,BEAR,OOL,NORMAL,SWR,TR,970.95,952.8,967.0,970.95,952.8,957.0
2025-07-03,BEAR,BEAR,OOL,NORMAL,SWR,BEAR,961.5,944.9,958.0,961.5,944.9,945.5
2025-07-04,TR,BEAR,OOL,NORMAL,SWR,BEAR,953.85,934.0,945.0,953.85,934.0,942.5
2025-07-07,TR,TR,OIM,DOJI,SWR,TR,947.0,938.05,940.7,947.0,938.05,942.0
2025-07-08,TR,TR,OIM,NORMAL,SWR,TR,949.05,940.9,943.7,949.05,940.9,945.5
2025-07-09,TR,TR,OOH,DOJI,SWR,TR,953.0,944.55,946.85,953.0,944.55,946.0
2025-07-10,TR,BEAR,OBR,DOJI,SBR,TR,941.95,921.0,937.0,941.95,921.0,927.0
2025-07-11,TR,TR,OOL,NORMAL,SWR,BEAR,933.95,920.5,926.55,933.95,920.5,920.8
2025-07-14,BEAR,TR,OOL,NORMAL,WBR,TR,921.7,912.0,920.6,921.7,912.0,916.4
2025-07-15,TR,TR,OIM,HUGE OPEN,WAR,TR,927.0,916.4,916.4,927.0,916.4,926.0
2025-07-16,BULL,TR,OAR,NORMAL,SWR,BULL,933.65,925.2,927.5,933.65,925.2,933.0
2025-07-17,BEAR,TR,OOH,NORMAL,SWR,TR,935.75,927.0,933.0,935.75,927.0,927.0
2025-07-18,BEAR,BEAR,OOL,NORMAL,SWR,TR,932.85,920.3,928.25,932.85,920.3,923.5
2025-07-21,TR,BULL,OBR,NORMAL,SWR,TR,929.95,917.6,920.0,929.95,917.6,928.95
2025-07-22,BEAR,BEAR,OOH,NORMAL,WAR,BULL,932.7,916.3,929.1,932.7,916.3,918.8
2025-07-23,BEAR,TR,OIM,NORMAL,SWR,BEAR,925.45,914.7,922.5,925.45,914.7,923.0
2025-07-24,TR,TR,OIM,DOJI,SWR,TR,925.35,910.05,922.0,925.35,910.05,917.55
2025-07-25,BEAR,BEAR,OBR,NORMAL,SBR,TR,910.0,882.1,910.0,910.0,882.1,886.4
2025-07-28,BULL,TR,OBR,NORMAL,SWR,BEAR,898.9,880.05,881.1,898.9,880.05,889.5
2025-07-29,TR,BULL,OIM,NORMAL,SWR,TR,902.95,886.65,888.95,902.95,886.65,899.0
2025-07-30,BULL,TR,OOH,NORMAL,SWR,BULL,906.95,899.0,899.0,906.95,899.0,902.55
2025-07-31,TR,TR,OBR,NORMAL,SBR,TR,896.95,888.15,895.95,896.95,888.15,895.75
2025-08-01,BEAR,BEAR,OOH,DOJI,WAR,TR,900.25,881.7,895.0,900.25,881.7,885.2
2025-08-04,BULL,TR,OBR,NORMAL,SWR,BEAR,897.5,878.0,880.05,897.5,878.0,896.55
2025-08-05,TR,TR,OIM,NORMAL,WAR,BULL,899.1,890.0,890.0,899.1,890.0,891.8
2025-08-06,TR,TR,OOL,NORMAL,SWR,TR,902.0,888.0,890.0,902.0,888.0,892.75
2025-08-07,TR,BEAR,OIM,DOJI,SWR,TR,896.3,874.0,894.9,896.3,874.0,886.45
2025-08-08,BULL,BEAR,OAR,HUGE OPEN,SAR,TR,927.1,904.0,905.0,927.1,904.0,911.0
2025-08-11,BEAR,TR,OIM,DOJI,WBR,TR,916.8,892.1,914.0,916.8,892.1,905.8
2025-08-12,BULL,BEAR,OIM,HUGE OPEN,WAR,TR,928.0,903.9,905.0,928.0,903.9,916.85
2025-08-13,TR,BEAR,OIM,NORMAL,SWR,TR,920.95,881.2,916.0,920.95,881.2,886.85
2025-08-14,TR,TR,OOL,DOJI,SWR,BEAR,894.6,885.0,890.0,894.6,885.0,887.0
2025-08-18,TR,BEAR,OAR,HUGE OPEN,SAR,TR,915.2,888.4,909.6,915.2,888.4,890.6
2025-08-19,BEAR,BULL,OOL,NORMAL,WBR,BEAR,896.3,883.0,891.0,896.3,883.0,894.0
2025-08-20,TR,BULL,OOH,NORMAL,WAR,TR,901.3,890.7,892.85,901.3,890.7,899.7
2025-08-21,BEAR,BEAR,OAR,HUGE OPEN,SAR,BULL,917.0,886.6,917.0,917.0,886.6,893.8
2025-08-22,BEAR,TR,OOL,NORMAL,SWR,BEAR,900.8,886.05,895.6,900.8,886.05,890.0
2025-08-25,BULL,TR,OIM,NORMAL,SWR,TR,895.65,887.5,891.0,895.65,887.5,895.0
2025-08-26,TR,TR,OIM,HUGE OPEN,WBR,TR,894.5,885.05,891.25,894.5,885.05,887.95
2025-08-28,BEAR,BEAR,OOL,DOJI,WBR,TR,889.6,866.0,887.0,889.6,866.0,868.8
2025-08-29,BEAR,BEAR,OOL,NORMAL,WBR,BEAR,870.3,850.1,868.9,870.3,850.1,853.8
2025-09-01,BULL,TR,OOL,NORMAL,SWR,BEAR,864.95,852.15,853.8,864.95,852.15,860.0
2025-09-02,BULL,TR,OOH,HUGE OPEN,WAR,TR,868.85,856.0,863.35,868.85,856.0,864.0
2025-09-03,TR,TR,OOH,DOJI,WAR,TR,872.95,865.95,868.45,872.95,865.95,870.3
2025-09-04,TR,BEAR,OAR,HUGE OPEN,SAR,TR,910.0,873.35,910.0,910.0,873.35,880.0
2025-09-05,BEAR,TR,OOL,DOJI,WBR,BEAR,882.25,865.2,879.65,882.25,865.2,877.3
2025-09-08,BULL,TR,OOH,NORMAL,SWR,TR,882.2,871.6,878.9,882.2,871.6,877.0
2025-09-09,BULL,TR,OIM,NORMAL,SWR,TR,879.9,872.55,875.0,879.9,872.55,874.05
2025-09-10,TR,TR,OOL,NORMAL,SWR,TR,880.0,874.7,874.7,880.0,874.7,877.8
2025-09-11,BEAR,TR,OIM,DOJI,WBR,TR,879.2,871.4,878.0,879.2,871.4,877.15
2025-09-12,TR,TR,OIM,NORMAL,SWR,TR,878.85,873.4,875.2,878.85,873.4,875.1
2025-09-15,BULL,BULL,OIM,HUGE OPEN,SWR,TR,885.95,875.15,876.0,885.95,875.15,884.2
2025-09-16,BEAR,TR,OIM,DOJI,SWR,BULL,889.0,878.55,882.0,889.0,878.55,883.0
2025-09-17,TR,TR,OIM,NORMAL,SWR,TR,888.0,882.1,883.0,888.0,882.1,886.5
2025-09-18,TR,TR,OAR,NORMAL,SAR,TR,892.95,886.75,889.05,892.95,886.75,890.15
2025-09-19,BULL,TR,OIM,HUGE OPEN,WAR,TR,899.85,890.2,890.2,899.85,890.2,894.3
2025-09-22,BULL,TR,OIM,HUGE OPEN,WAR,TR,913.8,893.0,893.55,913.8,893.0,905.5
2025-09-23,BEAR,BEAR,OIM,NORMAL,SWR,TR,908.65,896.45,904.45,908.65,896.45,899.85
2025-09-24,TR,TR,OOL,NORMAL,WBR,TR,902.1,892.35,897.65,902.1,892.35,894.95
2025-09-25,BEAR,TR,OBR,DOJI,SBR,TR,898.25,884.0,890.5,898.25,884.0,884.85
2025-09-26,BEAR,TR,OOL,NORMAL,WBR,TR,887.6,870.55,887.6,887.6,870.55,873.0
2025-09-29,BULL,BULL,OOL,NORMAL,SWR,BEAR,896.5,872.25,872.45,896.5,872.25,894.7
2025-09-30,BULL,TR,OAR,NORMAL,SAR,BULL,907.0,892.65,897.0,907.0,892.65,904.0
2025-10-01,TR,TR,OIM,NORMAL,SWR,BULL,910.0,895.6,900.35,910.0,895.6,908.1
2025-10-03,TR,TR,OIM,NORMAL,WAR,BULL,912.8,900.7,904.1,912.8,900.7,905.5
2025-10-06,BEAR,BULL,OBR,DOJI,SWR,TR,911.35,898.5,900.0,911.35,898.5,907.25
2025-10-07,TR,TR,OIM,HUGE OPEN,WAR,BULL,920.6,907.1,907.15,920.6,907.1,911.1
2025-10-08,BEAR,BEAR,OOL,DOJI,WBR,TR,912.55,890.15,911.0,912.55,890.15,895.25
2025-10-09,TR,TR,OOL,NORMAL,SWR,BEAR,897.7,889.1,893.8,897.7,889.1,895.55
2025-10-10,BULL,TR,OIM,NORMAL,WAR,TR,907.4,891.3,895.0,907.4,891.3,899.0
2025-10-13,TR,TR,OOL,NORMAL,SWR,TR,902.1,890.1,892.1,902.1,890.1,898.2
2025-10-14,TR,TR,OOH,NORMAL,SWR,BULL,906.0,895.0,899.0,906.0,895.0,901.2
2025-10-15,TR,TR,OIM,NORMAL,WAR,TR,908.0,897.35,900.9,908.0,897.35,898.7
2025-10-16,TR,BEAR,OOL,NORMAL,SWR,TR,903.5,891.5,899.0,903.5,891.5,896.05
2025-10-17,BEAR,TR,OOL,NORMAL,WBR,TR,897.65,884.1,894.15,897.65,884.1,885.25
2025-10-20,BEAR,TR,OOL,NORMAL,SWR,BEAR,897.7,886.85,888.0,897.7,886.85,891.4
2025-10-21,TR,TR,OOL,NORMAL,SWR,TR,894.7,890.0,890.0,894.7,890.0,892.0
2025-10-23,BULL,TR,OIM,HUGE OPEN,WAR,TR,904.9,893.0,893.0,904.9,893.0,900.7
2025-10-24,BEAR,BEAR,OOH,NORMAL,SWR,TR,903.0,885.0,902.7,903.0,885.0,890.0
2025-10-27,TR,TR,OOL,NORMAL,SWR,BEAR,900.8,885.55,887.25,900.8,885.55,898.0
2025-10-28,BULL,BEAR,OOH,HUGE OPEN,WAR,BULL,920.6,895.55,897.65,920.6,895.55,903.1
2025-10-29,TR,TR,OOL,NORMAL,SWR,TR,916.9,899.0,899.0,916.9,899.0,910.0
2025-10-30,BEAR,TR,OIM,NORMAL,SWR,TR,910.85,897.1,910.85,910.85,897.1,900.5
2025-10-31,TR,BEAR,OOL,NORMAL,SWR,BEAR,901.0,890.3,897.15,901.0,890.3,895.55
2025-11-03,BULL,BULL,OIM,NORMAL,WAR,TR,923.0,894.7,894.7,923.0,894.7,921.4
2025-11-04,BEAR,BEAR,OAR,NORMAL,SWR,BULL,925.0,902.1,925.0,925.0,902.1,907.4
2025-11-06,BEAR,TR,OOL,NORMAL,WBR,BEAR,906.65,892.25,902.1,906.65,892.25,894.0
2025-11-07,BEAR,BULL,OAR,DOJI,SWR,BEAR,936.95,895.1,910.0,936.95,895.1,925.95
2025-11-10,BEAR,BEAR,OOH,DOJI,SWR,TR,931.9,898.0,926.9,931.9,898.0,899.9
2025-11-11,TR,TR,OOL,NORMAL,WBR,BEAR,904.85,895.05,904.0,904.85,895.05,900.0
2025-11-12,TR,TR,OOH,NORMAL,WAR,TR,909.8,898.15,903.15,909.8,898.15,898.4
2025-11-13,BEAR,BULL,OOL,HUGE OPEN,WBR,TR,908.45,888.15,900.5,908.45,888.15,903.8
2025-11-14,TR,BULL,OIM,NORMAL,SWR,TR,910.75,897.6,900.0,910.75,897.6,909.1
2025-11-17,TR,TR,OOH,NORMAL,WAR,BULL,916.65,908.2,909.45,916.65,908.2,916.0
2025-11-18,TR,TR,OOH,NORMAL,WAR,TR,920.6,906.6,915.35,920.6,906.6,916.0
2025-11-19,BULL,TR,OIM,NORMAL,SWR,TR,921.0,910.5,915.5,921.0,910.5,914.15
2025-11-20,BEAR,TR,OIM,HUGE OPEN,WBR,TR,919.95,906.05,915.0,919.95,906.05,907.3
2025-11-21,BEAR,TR,OOL,HUGE OPEN,WBR,BEAR,910.0,899.25,909.0,910.0,899.25,902.5
2025-11-24,TR,BEAR,OOL,DOJI,SWR,BEAR,904.2,888.2,902.4,904.2,888.2,895.0
2025-11-25,TR,TR,OOL,NORMAL,SWR,TR,900.8,891.5,892.1,900.8,891.5,897.35
2025-11-26,BULL,TR,OIM,NORMAL,SWR,TR,901.9,893.6,896.95,901.9,893.6,895.7
2025-11-27,BEAR,TR,OOL,DOJI,SWR,TR,902.0,891.25,896.0,902.0,891.25,899.5
2025-11-28,TR,TR,OOH,DOJI,SWR,TR,902.95,893.25,900.0,902.95,893.25,893.85
2025-12-01,TR,BEAR,OIM,NORMAL,SWR,BEAR,899.85,880.15,896.95,899.85,880.15,883.2
2025-12-02,BEAR,TR,OOL,NORMAL,SWR,BEAR,891.6,882.0,885.0,891.6,882.0,883.0
2025-12-03,BEAR,BEAR,OIM,DOJI,WBR,TR,888.6,866.3,885.05,888.6,866.3,872.1
2025-12-04,TR,BULL,OOL,NORMAL,SWR,BEAR,877.55,868.5,871.8,877.55,868.5,876.05
2025-12-05,TR,BEAR,OOH,NORMAL,SWR,BULL,876.9,866.0,875.0,876.9,866.0,871.25
2025-12-08,BEAR,BEAR,OIM,NORMAL,SWR,TR,874.05,853.55,871.0,874.05,853.55,855.8
2025-12-09,BEAR,BULL,OOL,NORMAL,WBR,BEAR,862.65,843.4,856.0,862.65,843.4,862.65
2025-12-10,BULL,BEAR,OOH,NORMAL,WAR,TR,866.85,857.3,858.0,866.85,857.3,858.5
2025-12-11,TR,TR,OBR,NORMAL,SWR,TR,864.0,853.5,857.0,864.0,853.5,858.45
2025-12-12,TR,TR,OAR,NORMAL,SWR,TR,870.0,861.25,865.0,870.0,861.25,867.75
2025-12-15,BEAR,TR,OIM,DOJI,WBR,TR,866.15,855.5,864.0,866.15,855.5,856.55
2025-12-16,BEAR,TR,OIM,NORMAL,SWR,BEAR,860.0,850.3,860.0,860.0,850.3,854.45
2025-12-17,BULL,BEAR,OOH,NORMAL,SWR,TR,859.05,843.1,859.0,859.05,843.1,843.75
2025-12-18,BEAR,BULL,OOL,NORMAL,WBR,BEAR,849.9,835.8,846.0,849.9,835.8,848.6
2025-12-19,TR,TR,OOH,DOJI,SWR,TR,853.25,845.9,847.4,853.25,845.9,853.0
2025-12-22,BULL,TR,OOH,DOJI,WAR,TR,859.5,848.9,852.0,859.5,848.9,855.0
2025-12-23,TR,TR,OOH,NORMAL,SWR,TR,859.4,854.0,857.4,859.4,854.0,855.2
2025-12-24,BULL,TR,OOL,NORMAL,SWR,TR,858.0,851.5,855.4,858.0,851.5,851.7
2025-12-26,TR,TR,OBR,DOJI,SBR,TR,851.4,844.8,850.1,851.4,844.8,850.1
2025-12-29,TR,BEAR,OOL,HUGE OPEN,SWR,TR,854.5,840.25,846.1,854.5,840.25,840.3
2025-12-30,TR,BULL,OOL,DOJI,WBR,TR,850.35,838.6,841.2,850.35,838.6,848.7
